transaction_id,milk,bread,butter,eggs,cheese,apple,banana,chicken,rice,soda
1,1,1,1,1,0,0,0,0,0,0
2,1,1,0,1,1,0,0,0,0,0
3,0,1,1,0,0,1,1,0,0,0
4,1,0,0,1,0,1,1,0,0,1
5,1,1,1,0,1,0,0,0,0,0
6,0,0,0,0,0,1,1,0,0,1
7,0,0,0,0,0,0,0,1,1,0
8,1,1,0,0,0,0,0,1,1,0
9,1,1,1,1,1,0,0,0,0,1
10,0,1,0,1,0,1,0,0,0,0
11,1,0,1,0,1,0,0,0,0,1
12,0,0,0,0,0,1,1,1,1,0
13,1,1,0,1,0,0,0,0,0,0
14,0,0,0,0,1,1,0,0,0,1
15,1,1,1,0,0,0,0,1,1,0
16,0,1,0,0,0,1,1,0,0,0
17,1,0,0,1,1,0,0,0,0,1
18,0,0,0,0,0,0,0,1,1,1
19,1,1,1,1,0,0,0,0,0,0
20,0,0,0,0,0,1,1,0,0,0
21,1,1,1,1,0,0,0,0,0,0
22,1,1,0,1,1,0,0,0,0,0
23,0,1,1,0,0,1,1,0,0,0
24,1,0,0,1,0,1,1,0,0,1
25,1,1,1,0,1,0,0,0,0,0
26,0,0,0,0,0,1,1,0,0,1
27,0,0,0,0,0,0,0,1,1,0
28,1,1,0,0,0,0,0,1,1,0
29,1,1,1,1,1,0,0,0,0,1
30,0,1,0,1,0,1,0,0,0,0
31,1,0,1,0,1,0,0,0,0,1
32,0,0,0,0,0,1,1,1,1,0
33,1,1,0,1,0,0,0,0,0,0
34,0,0,0,0,1,1,0,0,0,1
35,1,1,1,0,0,0,0,1,1,0
36,0,1,0,0,0,1,1,0,0,0
37,1,0,0,1,1,0,0,0,0,1
38,0,0,0,0,0,0,0,1,1,1
39,1,1,1,1,0,0,0,0,0,0
40,0,0,0,0,0,1,1,0,0,0
52,1,1,1,1,0,0,0,0,0,0
53,1,1,0,1,1,0,0,0,0,0
54,0,1,1,0,0,1,1,0,0,0
55,1,0,0,1,0,1,1,0,0,1
56,1,1,1,0,1,0,0,0,0,0
57,0,0,0,0,0,1,1,0,0,1
58,0,0,0,0,0,0,0,1,1,0
59,1,1,0,0,0,0,0,1,1,0
60,1,1,1,1,1,0,0,0,0,1
61,0,1,0,1,0,1,0,0,0,0
62,1,0,1,0,1,0,0,0,0,1
63,0,0,0,0,0,1,1,1,1,0
64,1,1,0,1,0,0,0,0,0,0
65,0,0,0,0,1,1,0,0,0,1
66,1,1,1,0,0,0,0,1,1,0
67,0,1,0,0,0,1,1,0,0,0
68,1,0,0,1,1,0,0,0,0,1
69,0,0,0,0,0,0,0,1,1,1
70,1,1,1,1,0,0,0,0,0,0
71,0,0,0,0,0,1,1,0,0,0
72,1,1,1,1,0,0,0,0,0,0
73,1,1,0,1,1,0,0,0,0,0
74,0,1,1,0,0,1,1,0,0,0
75,1,0,0,1,0,1,1,0,0,1
76,1,1,1,0,1,0,0,0,0,0
77,0,0,0,0,0,1,1,0,0,1
78,0,0,0,0,0,0,0,1,1,0
79,1,1,0,0,0,0,0,1,1,0
80,1,1,1,1,1,0,0,0,0,1
81,0,1,0,1,0,1,0,0,0,0
82,1,0,1,0,1,0,0,0,0,1
83,0,0,0,0,0,1,1,1,1,0
84,1,1,0,1,0,0,0,0,0,0
85,0,0,0,0,1,1,0,0,0,1
86,1,1,1,0,0,0,0,1,1,0
87,0,1,0,0,0,1,1,0,0,0
88,1,0,0,1,1,0,0,0,0,1
89,0,0,0,0,0,0,0,1,1,1
90,1,1,1,1,0,0,0,0,0,0
91,0,0,0,0,0,1,1,0,0,0
115,1,1,1,1,0,0,0,0,0,0
116,1,1,0,1,1,0,0,0,0,0
117,0,1,1,0,0,1,1,0,0,0
118,1,0,0,1,0,1,1,0,0,1
119,1,1,1,0,1,0,0,0,0,0
120,0,0,0,0,0,1,1,0,0,1
121,0,0,0,0,0,0,0,1,1,0
122,1,1,0,0,0,0,0,1,1,0
123,1,1,1,1,1,0,0,0,0,1
124,0,1,0,1,0,1,0,0,0,0
125,1,0,1,0,1,0,0,0,0,1
126,0,0,0,0,0,1,1,1,1,0
127,1,1,0,1,0,0,0,0,0,0
128,0,0,0,0,1,1,0,0,0,1
129,1,1,1,0,0,0,0,1,1,0
130,0,1,0,0,0,1,1,0,0,0
131,1,0,0,1,1,0,0,0,0,1
132,0,0,0,0,0,0,0,1,1,1
133,1,1,1,1,0,0,0,0,0,0
134,0,0,0,0,0,1,1,0,0,0
135,1,1,1,1,0,0,0,0,0,0
136,1,1,0,1,1,0,0,0,0,0
137,0,1,1,0,0,1,1,0,0,0
138,1,0,0,1,0,1,1,0,0,1
139,1,1,1,0,1,0,0,0,0,0
140,0,0,0,0,0,1,1,0,0,1
141,0,0,0,0,0,0,0,1,1,0
142,1,1,0,0,0,0,0,1,1,0
143,1,1,1,1,1,0,0,0,0,1
144,0,1,0,1,0,1,0,0,0,0
145,1,0,1,0,1,0,0,0,0,1
146,0,0,0,0,0,1,1,1,1,0
147,1,1,0,1,0,0,0,0,0,0
148,0,0,0,0,1,1,0,0,0,1
149,1,1,1,0,0,0,0,1,1,0
150,0,1,0,0,0,1,1,0,0,0
151,1,0,0,1,1,0,0,0,0,1
152,0,0,0,0,0,0,0,1,1,1
153,1,1,1,1,0,0,0,0,0,0
154,0,0,0,0,0,1,1,0,0,0
155,1,1,1,1,0,0,0,0,0,0
156,1,1,0,1,1,0,0,0,0,0
157,0,1,1,0,0,1,1,0,0,0
158,1,0,0,1,0,1,1,0,0,1
159,1,1,1,0,1,0,0,0,0,0
160,0,0,0,0,0,1,1,0,0,1
161,0,0,0,0,0,0,0,1,1,0
162,1,1,0,0,0,0,0,1,1,0
163,1,1,1,1,1,0,0,0,0,1
164,0,1,0,1,0,1,0,0,0,0
165,1,0,1,0,1,0,0,0,0,1
166,0,0,0,0,0,1,1,1,1,0
167,1,1,0,1,0,0,0,0,0,0
168,0,0,0,0,1,1,0,0,0,1
169,1,1,1,0,0,0,0,1,1,0
170,0,1,0,0,0,1,1,0,0,0
171,1,0,0,1,1,0,0,0,0,1
172,0,0,0,0,0,0,0,1,1,1
173,1,1,1,1,0,0,0,0,0,0
174,0,0,0,0,0,1,1,0,0,0
175,1,1,1,1,0,0,0,0,0,0
176,1,1,0,1,1,0,0,0,0,0
177,0,1,1,0,0,1,1,0,0,0
178,1,0,0,1,0,1,1,0,0,1
179,1,1,1,0,1,0,0,0,0,0
180,0,0,0,0,0,1,1,0,0,1
181,0,0,0,0,0,0,0,1,1,0
182,1,1,0,0,0,0,0,1,1,0
183,1,1,1,1,1,0,0,0,0,1
184,0,1,0,1,0,1,0,0,0,0
185,1,0,1,0,1,0,0,0,0,1
186,0,0,0,0,0,1,1,1,1,0
187,1,1,0,1,0,0,0,0,0,0
188,0,0,0,0,1,1,0,0,0,1
189,1,1,1,0,0,0,0,1,1,0
190,0,1,0,0,0,1,1,0,0,0
191,1,0,0,1,1,0,0,0,0,1
192,0,0,0,0,0,0,0,1,1,1
193,1,1,1,1,0,0,0,0,0,0
194,0,0,0,0,0,1,1,0,0,0
242,1,1,1,1,0,0,0,0,0,0
243,1,1,0,1,1,0,0,0,0,0
244,0,1,1,0,0,1,1,0,0,0
245,1,0,0,1,0,1,1,0,0,1
246,1,1,1,0,1,0,0,0,0,0
247,0,0,0,0,0,1,1,0,0,1
248,0,0,0,0,0,0,0,1,1,0
249,1,1,0,0,0,0,0,1,1,0
250,1,1,1,1,1,0,0,0,0,1
251,0,1,0,1,0,1,0,0,0,0
252,1,0,1,0,1,0,0,0,0,1
253,0,0,0,0,0,1,1,1,1,0
254,1,1,0,1,0,0,0,0,0,0
255,0,0,0,0,1,1,0,0,0,1
256,1,1,1,0,0,0,0,1,1,0
257,0,1,0,0,0,1,1,0,0,0
258,1,0,0,1,1,0,0,0,0,1
259,0,0,0,0,0,0,0,1,1,1
260,1,1,1,1,0,0,0,0,0,0
261,0,0,0,0,0,1,1,0,0,0
262,1,1,1,1,0,0,0,0,0,0
263,1,1,0,1,1,0,0,0,0,0
264,0,1,1,0,0,1,1,0,0,0
265,1,0,0,1,0,1,1,0,0,1
266,1,1,1,0,1,0,0,0,0,0
267,0,0,0,0,0,1,1,0,0,1
268,0,0,0,0,0,0,0,1,1,0
269,1,1,0,0,0,0,0,1,1,0
270,1,1,1,1,1,0,0,0,0,1
271,0,1,0,1,0,1,0,0,0,0
272,1,0,1,0,1,0,0,0,0,1
273,0,0,0,0,0,1,1,1,1,0
274,1,1,0,1,0,0,0,0,0,0
275,0,0,0,0,1,1,0,0,0,1
276,1,1,1,0,0,0,0,1,1,0
277,0,1,0,0,0,1,1,0,0,0
278,1,0,0,1,1,0,0,0,0,1
279,0,0,0,0,0,0,0,1,1,1
280,1,1,1,1,0,0,0,0,0,0
281,0,0,0,0,0,1,1,0,0,0
282,1,1,1,1,0,0,0,0,0,0
283,1,1,0,1,1,0,0,0,0,0
284,0,1,1,0,0,1,1,0,0,0
285,1,0,0,1,0,1,1,0,0,1
286,1,1,1,0,1,0,0,0,0,0
287,0,0,0,0,0,1,1,0,0,1
288,0,0,0,0,0,0,0,1,1,0
289,1,1,0,0,0,0,0,1,1,0
290,1,1,1,1,1,0,0,0,0,1
291,0,1,0,1,0,1,0,0,0,0
292,1,0,1,0,1,0,0,0,0,1
293,0,0,0,0,0,1,1,1,1,0
294,1,1,0,1,0,0,0,0,0,0
295,0,0,0,0,1,1,0,0,0,1
296,1,1,1,0,0,0,0,1,1,0
297,0,1,0,0,0,1,1,0,0,0
298,1,0,0,1,1,0,0,0,0,1
299,0,0,0,0,0,0,0,1,1,1
300,1,1,1,1,0,0,0,0,0,0
301,0,0,0,0,0,1,1,0,0,0
302,1,1,1,1,0,0,0,0,0,0
303,1,1,0,1,1,0,0,0,0,0
304,0,1,1,0,0,1,1,0,0,0
305,1,0,0,1,0,1,1,0,0,1
306,1,1,1,0,1,0,0,0,0,0
307,0,0,0,0,0,1,1,0,0,1
308,0,0,0,0,0,0,0,1,1,0
309,1,1,0,0,0,0,0,1,1,0
310,1,1,1,1,1,0,0,0,0,1
311,0,1,0,1,0,1,0,0,0,0
312,1,0,1,0,1,0,0,0,0,1
313,0,0,0,0,0,1,1,1,1,0
314,1,1,0,1,0,0,0,0,0,0
315,0,0,0,0,1,1,0,0,0,1
316,1,1,1,0,0,0,0,1,1,0
317,0,1,0,0,0,1,1,0,0,0
318,1,0,0,1,1,0,0,0,0,1
319,0,0,0,0,0,0,0,1,1,1
320,1,1,1,1,0,0,0,0,0,0
321,0,0,0,0,0,1,1,0,0,0
322,1,1,1,1,0,0,0,0,0,0
323,1,1,0,1,1,0,0,0,0,0
324,0,1,1,0,0,1,1,0,0,0
325,1,0,0,1,0,1,1,0,0,1
326,1,1,1,0,1,0,0,0,0,0
327,0,0,0,0,0,1,1,0,0,1
328,0,0,0,0,0,0,0,1,1,0
329,1,1,0,0,0,0,0,1,1,0
330,1,1,1,1,1,0,0,0,0,1
331,0,1,0,1,0,1,0,0,0,0
332,1,0,1,0,1,0,0,0,0,1
333,0,0,0,0,0,1,1,1,1,0
334,1,1,0,1,0,0,0,0,0,0
335,0,0,0,0,1,1,0,0,0,1
336,1,1,1,0,0,0,0,1,1,0
337,0,1,0,0,0,1,1,0,0,0
338,1,0,0,1,1,0,0,0,0,1
339,0,0,0,0,0,0,0,1,1,1
340,1,1,1,1,0,0,0,0,0,0
341,0,0,0,0,0,1,1,0,0,0
342,1,1,1,1,0,0,0,0,0,0
343,1,1,0,1,1,0,0,0,0,0
344,0,1,1,0,0,1,1,0,0,0
345,1,0,0,1,0,1,1,0,0,1
346,1,1,1,0,1,0,0,0,0,0
347,0,0,0,0,0,1,1,0,0,1
348,0,0,0,0,0,0,0,1,1,0
349,1,1,0,0,0,0,0,1,1,0
350,1,1,1,1,1,0,0,0,0,1
351,0,1,0,1,0,1,0,0,0,0
352,1,0,1,0,1,0,0,0,0,1
353,0,0,0,0,0,1,1,1,1,0
354,1,1,0,1,0,0,0,0,0,0
355,0,0,0,0,1,1,0,0,0,1
356,1,1,1,0,0,0,0,1,1,0
357,0,1,0,0,0,1,1,0,0,0
358,1,0,0,1,1,0,0,0,0,1
359,0,0,0,0,0,0,0,1,1,1
360,1,1,1,1,0,0,0,0,0,0
361,0,0,0,0,0,1,1,0,0,0
362,1,1,1,1,0,0,0,0,0,0
363,1,1,0,1,1,0,0,0,0,0
364,0,1,1,0,0,1,1,0,0,0
365,1,0,0,1,0,1,1,0,0,1
366,1,1,1,0,1,0,0,0,0,0
367,0,0,0,0,0,1,1,0,0,1
368,0,0,0,0,0,0,0,1,1,0
369,1,1,0,0,0,0,0,1,1,0
370,1,1,1,1,1,0,0,0,0,1
371,0,1,0,1,0,1,0,0,0,0
372,1,0,1,0,1,0,0,0,0,1
373,0,0,0,0,0,1,1,1,1,0
374,1,1,0,1,0,0,0,0,0,0
375,0,0,0,0,1,1,0,0,0,1
376,1,1,1,0,0,0,0,1,1,0
377,0,1,0,0,0,1,1,0,0,0
378,1,0,0,1,1,0,0,0,0,1
379,0,0,0,0,0,0,0,1,1,1
380,1,1,1,1,0,0,0,0,0,0
381,0,0,0,0,0,1,1,0,0,0
382,1,1,1,1,0,0,0,0,0,0
383,1,1,0,1,1,0,0,0,0,0
384,0,1,1,0,0,1,1,0,0,0
385,1,0,0,1,0,1,1,0,0,1
386,1,1,1,0,1,0,0,0,0,0
387,0,0,0,0,0,1,1,0,0,1
388,0,0,0,0,0,0,0,1,1,0
389,1,1,0,0,0,0,0,1,1,0
390,1,1,1,1,1,0,0,0,0,1
391,0,1,0,1,0,1,0,0,0,0
392,1,0,1,0,1,0,0,0,0,1
393,0,0,0,0,0,1,1,1,1,0
394,1,1,0,1,0,0,0,0,0,0
395,0,0,0,0,1,1,0,0,0,1
396,1,1,1,0,0,0,0,1,1,0
397,0,1,0,0,0,1,1,0,0,0
398,1,0,0,1,1,0,0,0,0,1
399,0,0,0,0,0,0,0,1,1,1
400,1,1,1,1,0,0,0,0,0,0
401,0,0,0,0,0,1,1,0,0,0
497,1,1,1,1,0,0,0,0,0,0
498,1,1,0,1,1,0,0,0,0,0
499,0,1,1,0,0,1,1,0,0,0
500,1,0,0,1,0,1,1,0,0,1
501,1,1,1,0,1,0,0,0,0,0
502,0,0,0,0,0,1,1,0,0,1
503,0,0,0,0,0,0,0,1,1,0
504,1,1,0,0,0,0,0,1,1,0
505,1,1,1,1,1,0,0,0,0,1
506,0,1,0,1,0,1,0,0,0,0
507,1,0,1,0,1,0,0,0,0,1
508,0,0,0,0,0,1,1,1,1,0
509,1,1,0,1,0,0,0,0,0,0
510,0,0,0,0,1,1,0,0,0,1
511,1,1,1,0,0,0,0,1,1,0
512,0,1,0,0,0,1,1,0,0,0
513,1,0,0,1,1,0,0,0,0,1
514,0,0,0,0,0,0,0,1,1,1
515,1,1,1,1,0,0,0,0,0,0
516,0,0,0,0,0,1,1,0,0,0
517,1,1,1,1,0,0,0,0,0,0
518,1,1,0,1,1,0,0,0,0,0
519,0,1,1,0,0,1,1,0,0,0
520,1,0,0,1,0,1,1,0,0,1
521,1,1,1,0,1,0,0,0,0,0
522,0,0,0,0,0,1,1,0,0,1
523,0,0,0,0,0,0,0,1,1,0
524,1,1,0,0,0,0,0,1,1,0
525,1,1,1,1,1,0,0,0,0,1
526,0,1,0,1,0,1,0,0,0,0
527,1,0,1,0,1,0,0,0,0,1
528,0,0,0,0,0,1,1,1,1,0
529,1,1,0,1,0,0,0,0,0,0
530,0,0,0,0,1,1,0,0,0,1
531,1,1,1,0,0,0,0,1,1,0
532,0,1,0,0,0,1,1,0,0,0
533,1,0,0,1,1,0,0,0,0,1
534,0,0,0,0,0,0,0,1,1,1
535,1,1,1,1,0,0,0,0,0,0
536,0,0,0,0,0,1,1,0,0,0
537,1,1,1,1,0,0,0,0,0,0
538,1,1,0,1,1,0,0,0,0,0
539,0,1,1,0,0,1,1,0,0,0
540,1,0,0,1,0,1,1,0,0,1
541,1,1,1,0,1,0,0,0,0,0
542,0,0,0,0,0,1,1,0,0,1
543,0,0,0,0,0,0,0,1,1,0
544,1,1,0,0,0,0,0,1,1,0
545,1,1,1,1,1,0,0,0,0,1
546,0,1,0,1,0,1,0,0,0,0
547,1,0,1,0,1,0,0,0,0,1
548,0,0,0,0,0,1,1,1,1,0
549,1,1,0,1,0,0,0,0,0,0
550,0,0,0,0,1,1,0,0,0,1
551,1,1,1,0,0,0,0,1,1,0
552,0,1,0,0,0,1,1,0,0,0
553,1,0,0,1,1,0,0,0,0,1
554,0,0,0,0,0,0,0,1,1,1
555,1,1,1,1,0,0,0,0,0,0
556,0,0,0,0,0,1,1,0,0,0
557,1,1,1,1,0,0,0,0,0,0
558,1,1,0,1,1,0,0,0,0,0
559,0,1,1,0,0,1,1,0,0,0
560,1,0,0,1,0,1,1,0,0,1
561,1,1,1,0,1,0,0,0,0,0
562,0,0,0,0,0,1,1,0,0,1
563,0,0,0,0,0,0,0,1,1,0
564,1,1,0,0,0,0,0,1,1,0
565,1,1,1,1,1,0,0,0,0,1
566,0,1,0,1,0,1,0,0,0,0
567,1,0,1,0,1,0,0,0,0,1
568,0,0,0,0,0,1,1,1,1,0
569,1,1,0,1,0,0,0,0,0,0
570,0,0,0,0,1,1,0,0,0,1
571,1,1,1,0,0,0,0,1,1,0
572,0,1,0,0,0,1,1,0,0,0
573,1,0,0,1,1,0,0,0,0,1
574,0,0,0,0,0,0,0,1,1,1
575,1,1,1,1,0,0,0,0,0,0
576,0,0,0,0,0,1,1,0,0,0
577,1,1,1,1,0,0,0,0,0,0
578,1,1,0,1,1,0,0,0,0,0
579,0,1,1,0,0,1,1,0,0,0
580,1,0,0,1,0,1,1,0,0,1
581,1,1,1,0,1,0,0,0,0,0
582,0,0,0,0,0,1,1,0,0,1
583,0,0,0,0,0,0,0,1,1,0
584,1,1,0,0,0,0,0,1,1,0
585,1,1,1,1,1,0,0,0,0,1
586,0,1,0,1,0,1,0,0,0,0
587,1,0,1,0,1,0,0,0,0,1
588,0,0,0,0,0,1,1,1,1,0
589,1,1,0,1,0,0,0,0,0,0
590,0,0,0,0,1,1,0,0,0,1
591,1,1,1,0,0,0,0,1,1,0
592,0,1,0,0,0,1,1,0,0,0
593,1,0,0,1,1,0,0,0,0,1
594,0,0,0,0,0,0,0,1,1,1
595,1,1,1,1,0,0,0,0,0,0
596,0,0,0,0,0,1,1,0,0,0
597,1,1,1,1,0,0,0,0,0,0
598,1,1,0,1,1,0,0,0,0,0
599,0,1,1,0,0,1,1,0,0,0
600,1,0,0,1,0,1,1,0,0,1
601,1,1,1,0,1,0,0,0,0,0
602,0,0,0,0,0,1,1,0,0,1
603,0,0,0,0,0,0,0,1,1,0
604,1,1,0,0,0,0,0,1,1,0
605,1,1,1,1,1,0,0,0,0,1
606,0,1,0,1,0,1,0,0,0,0
607,1,0,1,0,1,0,0,0,0,1
608,0,0,0,0,0,1,1,1,1,0
609,1,1,0,1,0,0,0,0,0,0
610,0,0,0,0,1,1,0,0,0,1
611,1,1,1,0,0,0,0,1,1,0
612,0,1,0,0,0,1,1,0,0,0
613,1,0,0,1,1,0,0,0,0,1
614,0,0,0,0,0,0,0,1,1,1
615,1,1,1,1,0,0,0,0,0,0
616,0,0,0,0,0,1,1,0,0,0
617,1,1,1,1,0,0,0,0,0,0
618,1,1,0,1,1,0,0,0,0,0
619,0,1,1,0,0,1,1,0,0,0
620,1,0,0,1,0,1,1,0,0,1
621,1,1,1,0,1,0,0,0,0,0
622,0,0,0,0,0,1,1,0,0,1
623,0,0,0,0,0,0,0,1,1,0
624,1,1,0,0,0,0,0,1,1,0
625,1,1,1,1,1,0,0,0,0,1
626,0,1,0,1,0,1,0,0,0,0
627,1,0,1,0,1,0,0,0,0,1
628,0,0,0,0,0,1,1,1,1,0
629,1,1,0,1,0,0,0,0,0,0
630,0,0,0,0,1,1,0,0,0,1
631,1,1,1,0,0,0,0,1,1,0
632,0,1,0,0,0,1,1,0,0,0
633,1,0,0,1,1,0,0,0,0,1
634,0,0,0,0,0,0,0,1,1,1
635,1,1,1,1,0,0,0,0,0,0
636,0,0,0,0,0,1,1,0,0,0
637,1,1,1,1,0,0,0,0,0,0
638,1,1,0,1,1,0,0,0,0,0
639,0,1,1,0,0,1,1,0,0,0
640,1,0,0,1,0,1,1,0,0,1
641,1,1,1,0,1,0,0,0,0,0
642,0,0,0,0,0,1,1,0,0,1
643,0,0,0,0,0,0,0,1,1,0
644,1,1,0,0,0,0,0,1,1,0
645,1,1,1,1,1,0,0,0,0,1
646,0,1,0,1,0,1,0,0,0,0
647,1,0,1,0,1,0,0,0,0,1
648,0,0,0,0,0,1,1,1,1,0
649,1,1,0,1,0,0,0,0,0,0
650,0,0,0,0,1,1,0,0,0,1
651,1,1,1,0,0,0,0,1,1,0
652,0,1,0,0,0,1,1,0,0,0
653,1,0,0,1,1,0,0,0,0,1
654,0,0,0,0,0,0,0,1,1,1
655,1,1,1,1,0,0,0,0,0,0
656,0,0,0,0,0,1,1,0,0,0
657,1,1,1,1,0,0,0,0,0,0
658,1,1,0,1,1,0,0,0,0,0
659,0,1,1,0,0,1,1,0,0,0
660,1,0,0,1,0,1,1,0,0,1
661,1,1,1,0,1,0,0,0,0,0
662,0,0,0,0,0,1,1,0,0,1
663,0,0,0,0,0,0,0,1,1,0
664,1,1,0,0,0,0,0,1,1,0
665,1,1,1,1,1,0,0,0,0,1
666,0,1,0,1,0,1,0,0,0,0
667,1,0,1,0,1,0,0,0,0,1
668,0,0,0,0,0,1,1,1,1,0
669,1,1,0,1,0,0,0,0,0,0
670,0,0,0,0,1,1,0,0,0,1
671,1,1,1,0,0,0,0,1,1,0
672,0,1,0,0,0,1,1,0,0,0
673,1,0,0,1,1,0,0,0,0,1
674,0,0,0,0,0,0,0,1,1,1
675,1,1,1,1,0,0,0,0,0,0
676,0,0,0,0,0,1,1,0,0,0
752,1,1,1,1,0,0,0,0,0,0
753,1,1,0,1,1,0,0,0,0,0
754,0,1,1,0,0,1,1,0,0,0
755,1,0,0,1,0,1,1,0,0,1
756,1,1,1,0,1,0,0,0,0,0
757,0,0,0,0,0,1,1,0,0,1
758,0,0,0,0,0,0,0,1,1,0
759,1,1,0,0,0,0,0,1,1,0
760,1,1,1,1,1,0,0,0,0,1
761,0,1,0,1,0,1,0,0,0,0
762,1,0,1,0,1,0,0,0,0,1
763,0,0,0,0,0,1,1,1,1,0
764,1,1,0,1,0,0,0,0,0,0
765,0,0,0,0,1,1,0,0,0,1
766,1,1,1,0,0,0,0,1,1,0
767,0,1,0,0,0,1,1,0,0,0
768,1,0,0,1,1,0,0,0,0,1
769,0,0,0,0,0,0,0,1,1,1
770,1,1,1,1,0,0,0,0,0,0
771,0,0,0,0,0,1,1,0,0,0
772,1,1,1,1,0,0,0,0,0,0
773,1,1,0,1,1,0,0,0,0,0
774,0,1,1,0,0,1,1,0,0,0
775,1,0,0,1,0,1,1,0,0,1
776,1,1,1,0,1,0,0,0,0,0
777,0,0,0,0,0,1,1,0,0,1
778,0,0,0,0,0,0,0,1,1,0
779,1,1,0,0,0,0,0,1,1,0
780,1,1,1,1,1,0,0,0,0,1
781,0,1,0,1,0,1,0,0,0,0
782,1,0,1,0,1,0,0,0,0,1
783,0,0,0,0,0,1,1,1,1,0
784,1,1,0,1,0,0,0,0,0,0
785,0,0,0,0,1,1,0,0,0,1
786,1,1,1,0,0,0,0,1,1,0
787,0,1,0,0,0,1,1,0,0,0
788,1,0,0,1,1,0,0,0,0,1
789,0,0,0,0,0,0,0,1,1,1
790,1,1,1,1,0,0,0,0,0,0
791,0,0,0,0,0,1,1,0,0,0
792,1,1,1,1,0,0,0,0,0,0
793,1,1,0,1,1,0,0,0,0,0
794,0,1,1,0,0,1,1,0,0,0
795,1,0,0,1,0,1,1,0,0,1
796,1,1,1,0,1,0,0,0,0,0
797,0,0,0,0,0,1,1,0,0,1
798,0,0,0,0,0,0,0,1,1,0
799,1,1,0,0,0,0,0,1,1,0
800,1,1,1,1,1,0,0,0,0,1
801,0,1,0,1,0,1,0,0,0,0
802,1,0,1,0,1,0,0,0,0,1
803,0,0,0,0,0,1,1,1,1,0
804,1,1,0,1,0,0,0,0,0,0
805,0,0,0,0,1,1,0,0,0,1
806,1,1,1,0,0,0,0,1,1,0
807,0,1,0,0,0,1,1,0,0,0
808,1,0,0,1,1,0,0,0,0,1
809,0,0,0,0,0,0,0,1,1,1
810,1,1,1,1,0,0,0,0,0,0
811,0,0,0,0,0,1,1,0,0,0
812,1,1,1,1,0,0,0,0,0,0
813,1,1,0,1,1,0,0,0,0,0
814,0,1,1,0,0,1,1,0,0,0
815,1,0,0,1,0,1,1,0,0,1
816,1,1,1,0,1,0,0,0,0,0
817,0,0,0,0,0,1,1,0,0,1
818,0,0,0,0,0,0,0,1,1,0
819,1,1,0,0,0,0,0,1,1,0
820,1,1,1,1,1,0,0,0,0,1
821,0,1,0,1,0,1,0,0,0,0
822,1,0,1,0,1,0,0,0,0,1
823,0,0,0,0,0,1,1,1,1,0
824,1,1,0,1,0,0,0,0,0,0
825,0,0,0,0,1,1,0,0,0,1
826,1,1,1,0,0,0,0,1,1,0
827,0,1,0,0,0,1,1,0,0,0
828,1,0,0,1,1,0,0,0,0,1
829,0,0,0,0,0,0,0,1,1,1
830,1,1,1,1,0,0,0,0,0,0
831,0,0,0,0,0,1,1,0,0,0
832,1,1,1,1,0,0,0,0,0,0
833,1,1,0,1,1,0,0,0,0,0
834,0,1,1,0,0,1,1,0,0,0
835,1,0,0,1,0,1,1,0,0,1
836,1,1,1,0,1,0,0,0,0,0
837,0,0,0,0,0,1,1,0,0,1
838,0,0,0,0,0,0,0,1,1,0
839,1,1,0,0,0,0,0,1,1,0
840,1,1,1,1,1,0,0,0,0,1
841,0,1,0,1,0,1,0,0,0,0
842,1,0,1,0,1,0,0,0,0,1
843,0,0,0,0,0,1,1,1,1,0
844,1,1,0,1,0,0,0,0,0,0
845,0,0,0,0,1,1,0,0,0,1
846,1,1,1,0,0,0,0,1,1,0
847,0,1,0,0,0,1,1,0,0,0
848,1,0,0,1,1,0,0,0,0,1
849,0,0,0,0,0,0,0,1,1,1
850,1,1,1,1,0,0,0,0,0,0
851,0,0,0,0,0,1,1,0,0,0
852,1,1,1,1,0,0,0,0,0,0
853,1,1,0,1,1,0,0,0,0,0
854,0,1,1,0,0,1,1,0,0,0
855,1,0,0,1,0,1,1,0,0,1
856,1,1,1,0,1,0,0,0,0,0
857,0,0,0,0,0,1,1,0,0,1
858,0,0,0,0,0,0,0,1,1,0
859,1,1,0,0,0,0,0,1,1,0
860,1,1,1,1,1,0,0,0,0,1
861,0,1,0,1,0,1,0,0,0,0
862,1,0,1,0,1,0,0,0,0,1
863,0,0,0,0,0,1,1,1,1,0
864,1,1,0,1,0,0,0,0,0,0
865,0,0,0,0,1,1,0,0,0,1
866,1,1,1,0,0,0,0,1,1,0
867,0,1,0,0,0,1,1,0,0,0
868,1,0,0,1,1,0,0,0,0,1
869,0,0,0,0,0,0,0,1,1,1
870,1,1,1,1,0,0,0,0,0,0
871,0,0,0,0,0,1,1,0,0,0
872,1,1,1,1,0,0,0,0,0,0
873,1,1,0,1,1,0,0,0,0,0
874,0,1,1,0,0,1,1,0,0,0
875,1,0,0,1,0,1,1,0,0,1
876,1,1,1,0,1,0,0,0,0,0
877,0,0,0,0,0,1,1,0,0,1
878,0,0,0,0,0,0,0,1,1,0
879,1,1,0,0,0,0,0,1,1,0
880,1,1,1,1,1,0,0,0,0,1
881,0,1,0,1,0,1,0,0,0,0
882,1,0,1,0,1,0,0,0,0,1
883,0,0,0,0,0,1,1,1,1,0
884,1,1,0,1,0,0,0,0,0,0
885,0,0,0,0,1,1,0,0,0,1
886,1,1,1,0,0,0,0,1,1,0
887,0,1,0,0,0,1,1,0,0,0
888,1,0,0,1,1,0,0,0,0,1
889,0,0,0,0,0,0,0,1,1,1
890,1,1,1,1,0,0,0,0,0,0
891,0,0,0,0,0,1,1,0,0,0
892,1,1,1,1,0,0,0,0,0,0
893,1,1,0,1,1,0,0,0,0,0
894,0,1,1,0,0,1,1,0,0,0
895,1,0,0,1,0,1,1,0,0,1
896,1,1,1,0,1,0,0,0,0,0
897,0,0,0,0,0,1,1,0,0,1
898,0,0,0,0,0,0,0,1,1,0
899,1,1,0,0,0,0,0,1,1,0
900,1,1,1,1,1,0,0,0,0,1
901,0,1,0,1,0,1,0,0,0,0
902,1,0,1,0,1,0,0,0,0,1
903,0,0,0,0,0,1,1,1,1,0
904,1,1,0,1,0,0,0,0,0,0
905,0,0,0,0,1,1,0,0,0,1
906,1,1,1,0,0,0,0,1,1,0
907,0,1,0,0,0,1,1,0,0,0
908,1,0,0,1,1,0,0,0,0,1
909,0,0,0,0,0,0,0,1,1,1
910,1,1,1,1,0,0,0,0,0,0
911,0,0,0,0,0,1,1,0,0,0
912,1,1,1,1,0,0,0,0,0,0
913,1,1,0,1,1,0,0,0,0,0
914,0,1,1,0,0,1,1,0,0,0
915,1,0,0,1,0,1,1,0,0,1
916,1,1,1,0,1,0,0,0,0,0
917,0,0,0,0,0,1,1,0,0,1
918,0,0,0,0,0,0,0,1,1,0
919,1,1,0,0,0,0,0,1,1,0
920,1,1,1,1,1,0,0,0,0,1
921,0,1,0,1,0,1,0,0,0,0
922,1,0,1,0,1,0,0,0,0,1
923,0,0,0,0,0,1,1,1,1,0
924,1,1,0,1,0,0,0,0,0,0
925,0,0,0,0,1,1,0,0,0,1
926,1,1,1,0,0,0,0,1,1,0
927,0,1,0,0,0,1,1,0,0,0
928,1,0,0,1,1,0,0,0,0,1
929,0,0,0,0,0,0,0,1,1,1
930,1,1,1,1,0,0,0,0,0,0
931,0,0,0,0,0,1,1,0,0,0
