CustomerId,CreditScore,Age,Tenure,Balance,NumOfProducts,HasCrCard,IsActiveMember,EstimatedSalary,Exited
1,808,55,4,2611.38,4,1,0,103400.37,1
2,770,30,6,25336.88,4,0,0,150188.51,0
3,756,69,8,104987.79,1,0,0,51200.67,1
4,502,51,9,124961.89,3,1,1,13323.56,1
5,574,50,4,61537.81,2,1,0,123833.92,1
6,428,18,6,171827.45,3,0,1,168586.48,1
7,697,51,7,165854.08,1,1,1,125872.70,0
8,810,51,0,77087.75,4,0,1,170869.63,0
9,397,47,2,94177.67,4,0,0,14048.49,1
10,359,56,1,179846.36,4,0,0,66121.84,0
11,379,61,5,38177.74,3,0,1,38775.43,1
12,582,76,5,99366.10,1,1,0,182536.69,0
13,544,70,2,102879.38,4,1,1,122571.63,0
14,636,57,6,162354.86,2,1,0,154557.43,0
15,693,33,2,57824.33,4,0,1,59177.95,1
16,394,61,3,125049.27,1,0,1,17511.69,0
17,646,74,10,152196.67,1,0,1,64241.84,1
18,530,34,3,117613.10,1,1,0,84295.55,0
19,823,57,5,89725.97,4,1,0,184990.39,1
20,740,64,6,95492.19,3,0,0,75297.46,0
21,463,64,2,138762.16,4,0,0,87950.23,1
22,381,62,5,76368.28,2,1,1,85490.31,1
23,558,49,3,38457.16,4,1,0,140331.63,0
24,504,37,7,111381.83,3,1,0,22875.74,1
25,632,51,1,194758.77,2,0,1,191798.21,1
26,611,76,3,130255.74,2,1,1,52136.46,0
27,831,44,3,49247.30,2,1,1,61219.67,0
28,717,62,5,73218.48,2,0,0,119708.91,0
29,681,70,4,73305.41,3,0,0,184047.09,0
30,764,29,5,192117.87,2,0,0,186374.97,0
31,638,21,6,156566.01,1,0,0,97295.88,0
32,410,36,2,196961.57,2,1,0,139850.86,1
33,686,49,7,125628.00,1,0,0,186120.40,0
34,544,56,0,76271.99,3,0,1,131865.14,0
35,531,20,1,85099.61,4,1,0,30333.10,1
36,565,72,2,96857.58,3,0,0,69740.49,0
37,677,37,6,29709.03,4,1,0,20432.92,1
38,515,51,8,66481.02,2,0,1,81816.93,1
39,669,37,7,127072.62,1,0,1,127978.86,0
40,694,49,5,7932.15,3,0,1,95592.16,1
41,701,58,3,94295.60,2,1,1,54411.54,1
42,404,57,10,187062.69,3,1,1,175638.63,1
43,510,32,2,113904.14,1,1,1,118299.05,0
44,494,68,4,67524.21,3,1,0,125284.19,0
45,645,48,8,65671.45,2,1,0,116675.99,1
46,719,20,10,157636.86,4,1,0,141948.60,0
47,655,56,3,175978.48,2,1,1,115192.99,0
48,734,53,6,77305.38,1,0,0,126343.15,1
49,408,66,7,32474.26,3,1,1,167825.48,1
50,356,75,8,188173.31,2,0,1,189009.37,1
51,756,34,10,182650.91,3,1,0,29572.55,0
52,462,66,3,75570.85,4,1,0,189022.93,0
53,693,49,6,60639.51,4,0,1,99579.93,0
54,781,50,1,26869.22,1,1,0,83013.44,1
55,754,34,10,163770.48,2,0,1,175793.50,0
56,608,36,10,190797.35,4,0,0,129740.92,0
57,627,48,9,183895.51,4,1,1,37759.03,0
58,848,61,6,199474.23,1,0,1,17759.53,1
59,839,19,2,2217.54,2,1,0,118140.10,0
60,572,73,3,164421.50,1,0,1,32941.76,0
61,426,69,9,111020.34,2,1,0,171274.66,0
62,661,66,1,94429.81,4,1,1,165281.60,0
63,519,31,0,148536.45,2,0,0,187362.75,1
64,598,72,0,87000.57,1,0,0,123552.80,1
65,432,45,8,87143.08,4,0,0,72830.64,0
66,484,77,1,140147.67,1,0,1,147877.99,0
67,841,31,1,14827.97,4,0,0,131097.76,0
68,438,67,6,111674.10,4,0,1,27896.18,1
69,505,42,0,37484.62,3,1,1,20435.30,1
70,669,48,7,148091.37,3,0,1,113875.59,1
71,599,18,6,140920.42,4,0,1,131042.15,0
72,486,21,4,9321.49,4,0,0,126613.78,1
73,778,45,8,65937.41,2,0,0,196996.10,0
74,737,44,9,8728.48,3,1,1,43868.25,0
75,618,20,6,179887.43,3,1,0,36244.54,0
76,528,61,5,92812.32,3,0,1,103146.61,1
77,428,18,6,160925.03,2,0,0,14166.13,1
78,548,72,3,1833.71,1,0,0,18968.33,0
79,767,53,4,93111.75,4,1,1,173280.33,0
80,633,27,0,162859.93,4,0,1,150822.58,0
81,400,60,2,35278.24,1,1,0,16117.12,0
82,482,24,8,89103.05,4,0,0,189633.65,0
83,710,58,2,195636.95,2,1,1,63368.97,0
84,630,51,1,177025.67,1,1,1,24391.89,0
85,507,56,3,98401.24,3,1,1,159866.95,0
86,423,67,7,210.49,4,1,0,170143.35,1
87,786,61,0,179222.77,2,0,0,19349.35,1
88,658,31,3,155328.83,1,1,0,46340.68,1
89,545,28,7,192216.21,3,1,0,129826.87,0
90,695,24,5,5794.81,3,1,1,100759.13,0
91,844,47,5,1418.10,3,1,1,46187.02,0
92,520,51,8,19912.04,1,1,1,44013.03,1
93,506,69,3,24806.74,3,1,0,80467.32,0
94,415,36,1,178068.19,4,0,1,15279.74,0
95,630,43,4,162016.05,4,1,1,88798.69,0
96,517,37,6,38903.63,1,1,1,73445.04,0
97,686,75,8,3325.64,3,1,0,157172.20,0
98,647,67,3,42871.54,1,1,0,93067.81,1
99,574,41,6,163093.46,2,1,0,120875.10,1
100,412,71,1,168512.45,4,1,0,91279.22,1
101,648,21,5,50177.27,4,0,1,10162.50,0
102,612,36,10,185901.25,3,1,0,61386.21,1
103,479,69,5,165529.06,3,0,0,190903.47,0
104,563,75,5,160790.16,2,1,1,42032.82,0
105,750,55,7,134267.66,1,0,0,179872.71,0
106,648,30,3,157436.78,1,0,1,64991.23,1
107,510,23,5,54445.14,4,0,0,103489.65,0
108,617,21,7,84023.62,4,0,0,148939.93,0
109,517,39,8,177567.86,1,1,1,191267.01,1
110,584,62,3,72575.02,4,0,0,68221.04,0
111,414,43,7,59270.46,2,1,0,95716.57,1
112,818,60,8,110862.27,3,0,0,167582.40,1
113,561,28,6,76680.50,1,1,0,188884.42,1
114,385,43,9,26905.36,1,1,1,168417.13,1
115,707,56,0,99863.80,1,1,1,39658.29,1
116,836,30,1,174094.93,1,1,0,126270.92,0
117,478,31,4,51406.44,1,1,1,132429.00,0
118,428,50,2,76552.33,2,0,0,89141.95,1
119,708,54,9,106145.44,1,1,0,121210.82,1
120,482,48,8,67227.98,2,1,1,76298.48,1
121,760,41,5,28251.92,2,0,0,198692.18,1
122,774,50,2,67664.16,1,0,0,52045.20,1
123,757,77,5,105336.24,1,0,0,64990.05,0
124,618,44,6,143548.84,4,1,1,126023.51,0
125,792,41,3,79278.56,1,1,1,38707.38,0
126,352,26,7,29137.32,3,0,1,78841.55,0
127,737,39,5,60098.19,1,0,0,27832.23,0
128,657,50,9,128238.54,3,0,1,85000.85,1
129,639,20,5,35848.44,3,0,1,68177.73,0
130,541,49,5,188975.94,1,0,0,165720.86,0
131,848,24,6,112853.16,1,1,0,189951.94,0
132,762,61,1,119402.47,3,1,0,195613.66,0
133,495,25,7,52174.74,1,1,0,104770.26,0
134,598,35,10,181017.09,3,1,1,38721.09,1
135,610,31,5,5219.01,3,1,0,117343.84,1
136,396,29,7,156513.22,4,0,0,22632.03,1
137,745,75,4,41845.79,4,0,0,187164.14,0
138,594,22,9,39027.84,2,0,0,182928.12,0
139,601,64,4,108314.12,3,0,1,156185.32,1
140,822,64,0,171170.00,1,0,1,171565.61,0
141,613,41,3,113815.72,4,0,0,113137.20,1
142,428,48,1,186643.69,2,0,0,156639.57,1
143,667,42,1,87586.45,4,1,1,86662.12,0
144,759,70,10,197347.66,1,1,1,120184.72,0
145,460,73,10,28534.61,4,0,0,41673.26,1
146,405,77,6,27204.49,4,1,1,75439.26,0
147,645,52,1,170670.03,4,0,0,123323.31,1
148,450,18,5,49726.56,4,1,0,92241.14,1
149,697,22,3,77789.62,4,1,0,142655.91,1
150,593,71,10,41743.99,1,1,1,155448.92,0
151,706,75,7,90327.64,2,1,1,114219.90,0
152,389,75,6,185866.00,4,0,0,14610.71,0
153,488,76,0,62309.19,2,0,0,160242.51,1
154,747,22,10,146735.25,3,0,0,74270.12,0
155,393,40,6,174010.49,3,0,0,159934.84,0
156,489,18,2,193471.08,1,0,1,73157.13,0
157,577,18,7,56413.45,2,0,0,89406.28,0
158,409,64,5,38697.14,2,1,0,33689.86,1
159,750,47,1,194494.79,3,1,0,185771.38,0
160,714,38,5,135249.82,4,1,0,155851.28,1
161,361,25,5,52719.07,3,1,0,112070.37,0
162,711,66,10,22657.16,4,1,1,53110.29,1
163,394,64,7,179317.20,3,1,0,135352.63,0
164,681,37,7,71603.68,4,1,1,45298.00,1
165,465,70,7,192700.17,3,0,1,29927.08,0
166,741,69,10,16634.15,3,1,1,190199.41,0
167,405,76,6,182154.34,4,0,1,182082.70,1
168,798,60,9,53468.32,3,1,0,192033.62,0
169,523,18,10,163452.77,1,1,0,113228.30,1
170,666,30,1,28938.44,2,1,0,153303.43,0
171,712,43,10,121831.34,1,1,0,151714.39,0
172,802,68,5,185319.02,1,0,1,68022.22,0
173,598,20,7,69379.03,3,0,0,180065.29,0
174,664,63,10,57616.74,3,1,0,68130.12,0
175,438,55,6,29103.22,4,0,1,196015.36,0
176,608,60,0,191227.19,3,1,1,84389.40,0
177,754,69,9,132787.23,4,1,0,123591.71,0
178,367,58,3,77417.18,1,0,0,76140.59,1
179,512,54,0,84453.90,4,1,1,57680.87,0
180,616,71,9,136012.10,4,1,0,90990.68,0
181,480,76,1,135646.39,1,0,0,178550.55,1
182,542,47,3,41568.34,1,0,0,148791.35,1
183,752,19,7,103592.62,2,1,1,146759.01,0
184,492,75,10,156797.80,1,0,0,69808.38,0
185,568,63,5,13491.44,4,0,1,116934.65,0
186,524,61,6,145483.59,4,0,1,178076.97,0
187,467,56,5,117454.51,2,0,1,16868.34,0
188,459,35,9,51750.32,4,0,1,57860.88,1
189,658,45,4,167627.83,4,1,0,134518.93,0
190,476,25,9,21228.67,4,1,1,174398.33,0
191,822,66,2,101969.65,4,0,0,181599.78,1
192,418,40,5,57341.16,4,0,0,13484.47,0
193,382,21,0,35808.58,3,1,1,23253.51,1
194,825,69,4,110754.52,2,1,1,154910.97,1
195,366,52,8,5659.10,4,0,0,146354.41,0
196,779,23,9,10760.73,3,0,0,173306.07,1
197,486,45,4,179761.02,1,1,1,142017.83,1
198,502,71,5,191417.14,1,0,0,45304.43,1
199,715,22,2,161633.62,2,1,1,149613.01,1
200,486,58,6,169082.29,2,1,0,93517.68,0
201,751,62,3,48964.83,2,1,1,125867.05,0
202,687,46,3,55938.02,2,0,0,116098.07,0
203,400,44,9,18332.21,4,1,1,138454.44,1
204,601,77,5,72153.45,2,1,0,150536.70,1
205,353,48,5,182887.22,1,1,1,44945.31,0
206,709,44,0,155184.57,4,1,1,151774.48,1
207,713,33,0,138044.45,1,1,1,106954.03,1
208,474,76,1,135914.10,1,0,1,176284.93,0
209,455,75,1,169558.48,4,1,0,16022.77,1
210,362,57,2,8098.17,3,1,1,35223.65,0
211,703,46,2,170050.25,2,1,1,184046.34,1
212,628,29,3,9268.62,1,0,1,40639.43,1
213,508,36,6,177569.10,4,0,0,194231.12,0
214,360,74,7,102235.28,3,0,0,23434.63,0
215,652,73,9,88432.44,3,0,0,54358.07,0
216,517,57,2,70738.31,4,1,0,151302.71,1
217,642,20,4,15884.57,1,0,1,49155.39,0
218,615,40,2,30733.98,1,1,1,176339.48,1
219,500,62,9,190222.41,1,0,1,163472.08,0
220,515,30,0,96203.58,2,0,1,156675.84,0
221,738,31,9,86998.05,3,0,1,102504.81,0
222,669,26,8,79884.80,3,0,1,83543.31,1
223,373,60,4,185317.65,2,0,1,132513.18,1
224,532,68,1,10022.03,4,0,0,152798.66,0
225,784,58,8,130093.98,1,0,1,185018.26,1
226,496,19,2,48766.10,2,0,1,186429.30,1
227,484,72,8,4140.55,4,0,0,89203.38,1
228,456,41,3,72427.45,4,0,0,179841.88,1
229,647,42,3,28523.28,4,1,0,127944.93,0
230,769,64,4,103016.95,2,1,1,66984.03,1
231,661,42,1,106899.75,1,1,1,20393.26,1
232,533,36,5,80110.58,3,1,0,85324.08,1
233,563,51,5,197278.42,2,1,0,191739.20,1
234,397,59,2,172536.41,3,0,0,177185.77,0
235,583,34,10,176817.49,3,0,0,110015.13,0
236,578,57,10,144977.17,4,1,1,171900.51,0
237,803,57,6,164019.76,2,1,0,122821.47,1
238,418,73,2,86064.43,2,1,1,73615.82,0
239,428,47,10,91886.51,2,0,0,115398.18,0
240,772,37,0,66434.38,2,0,1,103197.47,0
241,501,20,3,110198.46,3,0,1,94517.38,1
242,480,62,10,98480.03,3,1,0,172405.87,0
243,560,48,3,193359.82,4,1,1,134371.98,0
244,668,31,2,78470.28,2,0,0,132097.85,1
245,518,61,7,21.53,1,0,1,34717.76,0
246,660,23,6,156467.03,1,0,1,42461.78,0
247,422,62,2,192474.65,1,1,0,53387.86,1
248,466,30,4,45433.91,1,0,1,56414.51,1
249,444,29,4,74925.84,3,0,1,41542.86,0
250,641,34,6,36254.64,1,0,1,133632.43,0
251,464,20,5,82582.10,3,0,1,140163.02,1
252,631,20,5,106128.80,1,1,0,47010.65,0
253,628,24,9,171436.78,4,0,1,109198.27,0
254,595,43,7,192364.59,4,0,1,192920.51,1
255,454,53,3,159216.53,1,1,0,138552.85,0
256,525,73,6,31815.52,1,1,0,45520.74,0
257,637,29,2,123386.11,2,1,1,49763.61,1
258,394,66,8,122787.58,3,0,1,117079.82,1
259,761,18,6,172355.69,3,0,1,134645.04,0
260,800,76,2,23156.70,4,0,1,130863.54,0
261,811,48,8,102312.95,1,0,0,161689.92,1
262,602,53,4,53385.48,1,1,1,44144.33,1
263,366,19,0,4135.22,1,0,1,51056.42,1
264,597,77,4,51872.38,4,0,0,172472.40,0
265,691,34,3,135285.85,2,0,1,195841.60,1
266,731,77,7,103128.79,2,1,1,154764.43,1
267,440,31,6,37292.17,1,1,0,124770.63,1
268,653,40,0,58964.03,1,0,0,112630.37,0
269,725,49,4,76970.54,3,1,1,199568.26,0
270,350,66,0,161323.33,4,0,0,77801.05,0
271,594,48,0,159538.11,4,1,1,77905.70,1
272,512,77,10,180450.52,3,0,0,52593.73,1
273,450,22,8,160656.93,3,1,1,117863.50,0
274,422,55,7,84844.54,1,0,0,116454.45,1
275,451,59,8,5200.35,3,0,1,199715.05,0
276,359,47,4,86981.70,1,1,0,149551.70,1
277,384,64,7,31139.38,3,1,1,46288.14,0
278,497,75,9,123988.04,2,0,1,117927.59,0
279,500,48,6,119188.72,1,1,1,69308.96,1
280,839,74,8,28699.66,2,0,0,121159.33,1
281,489,76,0,61984.36,2,0,0,188404.00,1
282,360,30,10,39184.82,1,1,0,164996.91,1
283,673,64,10,74806.31,1,0,0,195051.69,0
284,548,53,8,15208.07,1,0,0,109197.95,0
285,787,72,10,173977.90,3,0,1,167565.69,0
286,651,39,10,171157.35,2,0,0,175011.97,1
287,465,69,6,59618.91,4,1,1,28438.75,1
288,824,65,1,62876.54,1,1,1,77840.52,0
289,645,51,0,71836.44,4,1,1,101460.72,0
290,701,43,0,161958.31,4,1,1,82544.89,0
291,450,53,4,13049.82,1,1,1,82057.14,0
292,434,45,8,120471.91,3,0,1,55751.15,0
293,796,47,8,104030.71,1,0,0,55937.02,1
294,770,21,8,157839.12,3,0,0,185883.47,0
295,742,77,6,197445.09,1,1,1,68110.35,0
296,420,22,10,95510.82,3,0,0,131964.15,0
297,567,75,5,119303.62,2,1,1,153439.69,1
298,413,18,6,27106.02,4,1,0,72815.11,0
299,491,21,4,187265.02,2,0,0,65451.46,1
300,768,75,2,89643.15,2,1,0,125294.55,0
301,436,34,9,69357.02,1,0,0,171229.29,0
302,708,43,10,117248.16,1,0,1,168932.70,1
303,848,47,4,139062.91,1,1,1,176287.18,0
304,843,75,9,91819.95,3,0,0,76731.76,0
305,572,61,3,47592.82,2,0,0,39309.62,1
306,745,18,7,35437.30,4,0,1,22771.72,1
307,410,18,7,95956.61,2,1,0,110666.83,0
308,419,57,9,73631.91,1,0,1,63496.95,0
309,647,24,8,90637.21,1,1,0,35329.97,0
310,724,57,0,27483.21,3,1,1,148885.42,0
311,486,46,6,104740.47,4,1,1,179857.11,1
312,593,74,2,55367.76,3,1,1,87963.39,0
313,481,19,3,107042.97,3,1,1,116745.52,1
314,834,57,3,160425.48,4,0,0,186759.89,1
315,494,53,1,166524.29,4,0,1,140629.26,0
316,443,65,4,104965.45,2,1,1,192789.33,0
317,537,61,5,40120.55,3,0,1,118615.11,0
318,770,70,9,107751.25,1,0,0,160107.75,1
319,546,60,3,122125.49,1,0,0,103625.60,1
320,849,72,6,11205.01,3,1,0,176094.58,1
321,775,52,3,163184.40,1,0,0,83245.11,0
322,418,48,1,31203.11,2,0,1,153564.20,0
323,832,47,5,42448.03,2,1,1,132312.09,0
324,492,23,6,157914.41,1,0,0,185981.37,0
325,430,32,8,190634.87,3,1,1,143802.91,1
326,446,41,3,111532.54,4,0,0,107835.59,0
327,641,56,4,64535.58,2,0,0,48722.38,1
328,602,21,8,133201.07,1,0,1,152234.95,1
329,812,25,9,153308.14,2,0,0,79710.84,1
330,641,60,8,136289.81,1,1,1,24579.65,1
331,687,43,1,65236.02,2,0,1,90824.81,0
332,384,74,5,125760.13,3,0,0,139337.07,0
333,604,30,6,24621.64,4,0,0,64842.89,0
334,840,41,0,196984.02,4,0,0,31508.47,1
335,720,69,0,137378.56,2,0,1,144353.12,1
336,436,71,9,173967.86,3,1,1,10364.98,0
337,803,77,2,11419.17,3,0,0,163691.43,1
338,510,39,9,13525.55,4,0,1,100265.41,0
339,606,18,5,73239.70,2,1,0,86643.22,1
340,490,36,7,114231.31,4,0,0,78023.09,0
341,396,27,5,38291.98,2,0,1,118715.33,0
342,505,38,8,149532.08,2,0,0,125470.10,1
343,833,51,9,158294.70,2,0,0,25664.86,1
344,584,24,1,100605.74,1,1,1,73347.52,1
345,681,49,6,100991.14,3,1,0,131758.20,1
346,367,66,9,22954.97,4,1,0,57618.14,1
347,400,65,7,190120.83,4,1,0,169249.12,0
348,692,60,5,62226.30,1,1,0,61907.95,0
349,559,39,5,94245.36,4,1,0,116852.75,1
350,686,38,8,118293.81,4,0,0,93110.33,1
351,588,24,1,60045.33,1,1,0,122271.38,1
352,815,19,3,142728.96,2,0,1,197822.89,0
353,459,77,2,73936.36,1,0,1,163824.93,0
354,798,35,8,177422.43,1,0,1,11264.31,1
355,731,50,4,100701.54,1,1,1,91384.30,0
356,849,67,1,39815.90,3,0,1,138193.10,1
357,728,24,3,28976.76,4,1,0,134088.51,1
358,748,62,3,36477.62,1,1,0,142468.98,0
359,603,52,4,21084.34,2,1,1,58210.95,0
360,659,70,5,171826.43,4,0,1,106559.33,1
361,489,60,7,97860.96,2,1,1,88746.19,0
362,804,68,5,14128.98,4,1,0,119715.57,0
363,706,23,3,85513.35,1,0,1,18819.05,0
364,631,65,3,10430.51,2,1,1,67878.58,1
365,507,56,2,76559.59,1,0,0,195506.55,1
366,393,55,9,104112.52,4,0,0,139124.13,1
367,772,47,10,40791.11,1,0,1,55624.35,1
368,718,54,9,76985.25,2,1,1,13539.08,0
369,359,69,2,97607.01,4,1,1,156075.22,0
370,510,55,1,197132.71,2,0,0,147417.76,0
371,843,68,2,132924.01,3,0,1,91977.07,1
372,614,74,1,187033.20,1,0,1,16353.72,1
373,613,21,7,85188.84,4,1,1,110322.82,0
374,412,29,6,89989.21,2,1,1,173016.44,0
375,470,24,9,174450.54,4,1,0,160777.79,0
376,367,73,5,183254.48,4,0,0,110988.39,1
377,715,57,1,98539.08,1,0,1,34976.37,1
378,570,48,1,80465.01,2,0,0,24754.19,0
379,448,49,0,130270.20,1,1,1,18682.90,1
380,463,49,10,3656.41,2,1,0,116512.72,1
381,661,50,8,81845.25,3,1,1,127383.18,0
382,384,29,8,43966.64,4,0,1,57791.95,0
383,790,19,5,57029.68,1,0,0,107460.19,0
384,756,57,9,50022.52,3,1,0,138621.73,0
385,508,64,10,70272.67,4,1,1,138546.21,1
386,736,53,6,49093.07,2,0,1,122119.41,1
387,608,54,5,153352.61,2,0,0,149956.72,1
388,696,61,6,115071.40,1,0,0,68887.15,1
389,520,62,7,55539.48,2,1,1,57875.72,0
390,697,54,10,172468.63,3,1,0,63323.98,1
391,743,63,4,161268.15,4,1,0,161419.49,0
392,539,44,0,177197.28,2,1,1,88576.52,0
393,660,53,0,132302.63,1,0,0,187024.91,0
394,544,31,10,54898.03,2,0,0,195652.33,0
395,552,55,10,141384.80,4,1,1,126243.74,0
396,615,68,6,87646.35,2,1,1,42570.59,1
397,398,37,3,110561.90,4,1,1,30850.67,1
398,530,53,9,109966.80,1,0,0,165472.21,0
399,468,28,1,30704.04,2,0,1,58583.14,1
400,470,41,2,31185.89,4,0,1,154194.46,1
401,363,51,7,147584.92,3,0,0,84250.41,0
402,818,54,2,100279.30,3,1,1,51983.35,1
403,512,67,1,79692.89,2,0,0,62555.46,0
404,536,62,6,154381.07,1,1,1,100249.72,0
405,499,45,4,124615.20,4,1,1,160353.54,1
406,694,54,10,195688.77,1,0,1,198954.50,1
407,634,24,9,190811.18,1,0,1,103555.15,1
408,535,26,6,126093.72,2,1,0,31617.68,0
409,402,57,10,165193.94,2,1,0,178800.88,1
410,661,26,9,143299.06,1,0,1,105062.37,1
411,457,32,6,30004.96,1,1,0,22218.91,1
412,520,53,9,154715.26,1,0,1,25538.01,0
413,721,49,4,75998.19,3,1,0,32367.64,1
414,709,63,6,149381.29,4,0,0,89947.71,0
415,418,44,9,158446.69,2,0,1,58888.92,0
416,702,56,0,102151.66,2,1,1,58953.94,1
417,569,57,0,5242.37,1,1,0,156871.88,0
418,823,52,0,76332.25,4,0,1,126725.80,0
419,700,28,8,96812.27,1,1,1,49081.02,1
420,802,42,3,95680.78,2,0,1,16854.54,1
421,453,20,6,193907.89,4,1,1,168142.93,0
422,361,30,10,33607.38,4,0,1,10659.73,1
423,839,24,6,117774.92,1,0,1,113871.00,1
424,395,31,8,84889.31,3,0,0,35844.07,0
425,678,56,3,85325.06,2,0,0,22253.42,0
426,801,69,6,51480.52,3,0,0,112015.10,1
427,538,71,3,181341.36,3,0,0,50372.07,1
428,832,22,4,198575.15,3,0,0,196716.49,1
429,520,26,7,168492.41,2,1,0,98815.88,1
430,726,34,1,134006.36,1,0,0,106326.72,1
431,354,73,6,64300.37,3,1,0,24770.21,0
432,779,32,6,78513.98,1,0,0,39766.43,0
433,490,75,10,164185.75,2,1,0,86891.66,1
434,743,50,3,193332.61,4,1,0,151512.11,0
435,451,51,1,33542.60,2,0,1,15412.67,0
436,782,27,2,92619.97,4,0,1,55404.39,0
437,365,60,5,29602.16,2,0,1,130954.04,0
438,510,69,4,45728.62,1,1,1,103013.42,1
439,502,69,4,76498.18,3,1,0,58958.37,0
440,500,69,4,84482.53,4,0,1,102608.28,0
441,727,44,10,98906.77,3,0,0,142727.32,1
442,793,44,6,85410.90,2,0,0,156908.05,0
443,575,65,6,139853.35,3,0,1,78321.71,1
444,637,35,7,127126.60,1,1,0,14401.69,0
445,762,53,5,107881.43,2,1,1,110953.84,1
446,543,74,6,190478.63,1,1,1,198301.95,1
447,526,64,8,128704.26,4,0,1,169740.16,0
448,503,43,2,187901.21,4,1,1,130298.86,0
449,580,71,0,136422.66,1,1,0,146145.35,0
450,428,77,5,127392.53,3,0,1,70080.32,0
451,368,77,9,69292.61,1,1,1,135633.10,0
452,841,38,8,134740.30,1,1,0,87846.51,0
453,814,51,10,33539.66,4,0,0,192085.64,1
454,396,22,1,80226.79,3,1,1,70383.33,1
455,359,60,5,86910.05,3,1,0,140065.07,1
456,659,71,6,67847.53,4,0,0,173173.03,0
457,634,63,1,35947.55,3,1,0,64255.84,0
458,480,20,4,166904.44,1,1,1,187892.81,1
459,770,54,6,178744.88,4,0,1,128716.08,1
460,732,56,10,135848.58,3,0,1,12288.88,0
461,461,75,1,139773.58,1,1,1,110054.23,1
462,817,75,0,37599.06,4,1,1,76653.37,0
463,646,76,1,114072.51,3,0,1,197618.68,0
464,465,20,5,78366.45,2,0,0,60433.61,1
465,447,76,3,120597.60,1,1,1,194822.06,1
466,654,37,8,14055.49,4,0,0,156075.50,0
467,400,57,0,14186.56,2,0,1,108501.48,1
468,580,71,0,140849.19,2,0,1,106431.94,1
469,550,56,0,52003.82,1,0,1,130206.18,0
470,393,68,10,38174.63,1,0,1,110116.69,1
471,561,60,3,51176.77,2,0,0,185261.29,0
472,428,55,7,89997.57,2,1,1,45189.53,1
473,527,19,0,60292.43,2,0,1,57512.27,1
474,602,52,3,9307.03,1,1,0,51700.94,1
475,704,73,5,154871.21,2,0,1,169202.76,1
476,697,75,7,107930.58,3,1,0,182087.53,0
477,431,59,10,138436.62,3,1,1,191448.46,1
478,615,19,5,84758.64,3,1,1,37578.74,0
479,712,49,5,143647.47,1,1,1,155112.73,0
480,525,40,8,168470.45,4,1,1,110176.92,1
481,754,42,6,170319.75,2,1,0,195709.75,1
482,351,21,3,41048.14,1,0,0,92341.20,0
483,742,34,0,57514.91,2,1,1,19860.94,1
484,428,29,5,190728.94,1,0,0,55808.99,0
485,524,59,4,32351.24,2,1,1,70575.93,0
486,379,35,2,81586.83,2,0,0,137214.87,0
487,419,18,6,10008.92,2,1,0,119145.98,0
488,775,72,10,39507.01,1,1,1,97970.67,1
489,586,20,8,182608.05,1,1,0,127198.60,0
490,486,59,6,5953.70,2,0,0,14691.36,0
491,357,19,0,45642.39,4,0,1,169193.43,1
492,624,72,9,154927.47,1,1,0,24776.98,1
493,708,54,10,160773.76,1,1,1,109799.39,1
494,581,71,0,118379.83,4,0,1,125760.02,0
495,468,74,0,63876.43,2,1,0,26470.94,0
496,814,49,9,146378.15,1,0,0,196402.77,0
497,561,59,2,3586.13,2,0,1,162860.63,0
498,764,77,5,102862.85,1,1,1,102621.45,0
499,400,28,6,44406.68,2,1,0,13211.57,0
500,428,57,8,19287.75,1,1,1,148476.12,0
501,606,26,1,88968.66,3,0,1,59637.57,0
502,558,75,6,197171.47,1,0,1,179632.47,1
503,650,20,4,155368.30,4,0,1,73873.92,1
504,571,50,4,59508.83,2,1,1,190150.71,0
505,393,70,1,192867.60,2,0,1,138990.63,1
506,820,60,8,122166.73,4,0,0,179646.96,0
507,529,64,8,117166.40,3,0,0,73669.53,0
508,679,71,5,152408.57,2,0,0,130381.04,1
509,357,37,6,197095.03,1,1,0,156905.63,1
510,727,73,4,22589.19,2,1,1,188231.79,1
511,719,51,6,67672.62,4,0,0,103084.75,0
512,456,57,6,42227.41,1,0,0,78702.05,0
513,749,69,10,4832.81,2,1,0,157098.58,1
514,627,45,6,122911.14,2,1,0,192530.06,0
515,754,19,8,116053.05,3,1,1,129050.24,0
516,522,41,10,81471.60,2,0,0,139811.54,1
517,810,67,3,54717.51,2,1,0,146351.48,1
518,572,57,10,190880.94,4,0,0,63220.63,0
519,831,61,8,131446.15,4,1,1,51991.91,0
520,391,39,6,152720.08,1,0,1,132334.23,1
521,397,57,10,698.49,1,0,1,44402.09,1
522,809,48,9,112659.58,2,0,0,35036.07,1
523,817,22,6,124800.67,2,0,1,179156.50,0
524,477,25,9,156697.58,2,1,1,112754.14,0
525,794,50,0,111191.98,3,1,0,47762.18,1
526,611,62,1,93293.05,4,0,0,100181.27,1
527,489,28,0,114963.68,4,0,0,45290.80,1
528,371,57,1,155477.53,2,1,0,108292.30,1
529,353,47,5,175576.77,4,0,0,135460.35,0
530,779,65,4,105443.16,2,1,1,52919.37,0
531,476,60,8,152007.39,2,0,1,126621.72,0
532,836,40,10,143099.48,3,0,1,51108.61,0
533,539,34,2,89295.56,2,1,0,102061.30,1
534,570,34,0,67566.10,3,1,0,118900.30,1
535,386,59,2,15612.76,3,0,0,112029.79,1
536,710,18,9,63771.66,4,0,0,45877.25,1
537,629,37,10,145921.99,4,1,0,87397.93,0
538,462,33,6,68888.48,4,0,0,140560.29,0
539,481,24,8,125986.00,4,1,0,166501.83,0
540,531,37,5,111305.31,2,1,1,78472.52,1
541,607,42,5,83180.59,2,0,0,86968.31,1
542,452,40,2,34719.64,1,1,0,185999.84,1
543,507,61,7,31119.06,4,0,1,54325.07,0
544,521,47,4,121940.55,4,0,1,16733.56,1
545,352,27,8,75849.37,3,1,0,139868.50,1
546,767,68,8,19619.03,2,0,0,140773.95,1
547,806,64,1,71053.98,2,1,1,129825.62,1
548,829,46,5,49990.92,3,0,0,77047.01,0
549,401,31,8,58974.85,1,1,1,31802.60,0
550,652,45,5,199629.66,3,1,0,195526.08,0
551,846,66,0,187206.26,2,0,0,185037.62,0
552,388,34,1,2293.01,3,1,1,31556.45,0
553,797,38,10,185786.05,3,1,0,163528.68,1
554,644,26,10,34363.90,1,0,1,33411.33,0
555,361,71,3,16072.40,2,1,1,45660.47,1
556,548,30,9,139979.27,4,0,0,29011.82,1
557,548,63,6,171486.60,2,0,1,51027.39,0
558,522,49,6,95355.96,3,0,1,57645.95,1
559,419,39,4,176766.77,1,1,1,30359.87,1
560,484,29,1,47487.18,3,1,1,59344.00,0
561,407,20,9,23637.56,1,1,0,20381.61,0
562,814,77,1,173516.55,4,1,0,174888.22,0
563,565,74,4,29913.71,3,0,0,72944.44,1
564,678,23,5,57482.31,4,1,0,90867.38,0
565,785,21,7,68455.54,3,1,1,127066.25,0
566,512,36,6,20955.54,3,0,1,151646.87,1
567,795,76,2,35322.93,1,1,0,144877.22,0
568,654,18,2,181869.76,4,0,0,150561.08,1
569,711,33,1,140862.89,1,0,1,143299.93,0
570,531,50,6,70095.50,4,1,0,129439.44,0
571,583,73,2,74815.15,1,1,0,43807.81,0
572,595,44,8,67198.01,2,0,1,169420.97,0
573,458,20,6,153509.97,1,0,1,41798.66,0
574,711,70,2,105079.42,4,0,1,78888.58,0
575,535,77,8,14349.48,4,1,1,192780.46,1
576,713,46,1,74931.90,2,1,0,195673.99,1
577,524,28,9,136074.93,4,0,1,12889.60,0
578,540,56,1,116169.07,3,0,0,69888.68,0
579,505,41,0,26556.29,2,1,0,84458.37,0
580,407,66,7,180792.60,3,1,0,38036.07,0
581,421,39,4,172975.80,1,0,0,41054.88,1
582,704,19,0,190817.70,3,1,0,51237.82,1
583,432,25,1,85222.03,3,1,1,114434.11,1
584,454,61,0,179104.73,2,0,0,137772.81,0
585,670,30,1,254.54,3,0,1,118261.72,0
586,651,55,3,160026.41,4,1,1,195595.74,1
587,719,47,2,144020.73,4,0,1,116369.44,1
588,474,71,7,163147.62,4,0,1,39030.61,0
589,552,48,3,27083.58,3,1,1,95564.54,1
590,706,61,5,61201.28,1,0,0,70783.58,1
591,687,53,10,187628.78,4,0,1,143419.79,0
592,354,76,9,80440.51,2,1,1,22874.04,1
593,778,44,7,194789.90,4,0,1,104474.81,0
594,379,76,7,81011.08,1,1,1,199774.51,1
595,422,68,8,76903.59,3,1,1,196806.94,0
596,506,30,0,166451.89,4,1,0,165498.76,1
597,788,41,3,70958.52,4,0,1,144232.36,0
598,401,28,6,79307.06,1,1,1,13437.28,0
599,356,43,0,30839.15,3,0,1,123601.19,0
600,559,76,6,8343.92,2,0,0,172497.84,0
601,683,53,10,15378.65,2,0,0,87304.58,1
602,718,72,3,182515.28,3,0,0,31455.96,0
603,635,36,8,31958.03,2,0,0,26092.69,0
604,846,31,1,177961.92,1,1,0,199714.15,1
605,570,50,4,81182.64,4,1,1,75129.76,0
606,554,65,7,26250.29,3,0,0,185587.59,0
607,709,60,3,129425.43,1,1,0,161546.33,1
608,516,67,1,63896.93,1,1,1,12223.78,0
609,382,21,1,96389.77,1,1,1,63393.06,0
610,504,45,3,77182.10,4,0,1,180356.05,1
611,832,20,3,57662.77,3,0,1,99692.04,0
612,608,43,6,110672.19,1,1,0,103812.82,0
613,849,48,5,30854.90,1,0,0,150273.67,1
614,675,50,8,11947.68,1,0,0,20421.80,1
615,546,67,10,76735.22,4,1,0,193702.47,1
616,383,51,6,23343.39,4,0,1,195155.56,0
617,417,20,8,175681.04,4,0,1,36609.89,1
618,748,45,9,13592.89,3,0,1,198106.92,0
619,402,70,0,150439.03,3,0,0,122552.96,1
620,733,24,2,192254.14,1,0,0,26137.67,1
621,535,22,2,24159.84,4,1,1,106650.35,1
622,436,32,7,149220.31,3,1,0,48046.77,1
623,772,51,2,116030.16,1,0,1,194864.84,0
624,547,65,8,66986.51,2,0,0,163058.76,1
625,624,75,1,2335.63,3,1,0,192431.81,0
626,587,75,4,13372.91,1,1,1,156031.36,0
627,458,28,2,105744.32,1,0,0,139208.08,0
628,574,75,4,54788.75,1,1,1,14541.95,1
629,355,54,0,44511.68,1,1,0,44924.82,0
630,736,46,0,140646.22,2,0,0,116778.42,1
631,504,62,8,154243.29,2,1,0,13528.71,1
632,772,35,9,129051.76,3,1,1,184866.01,0
633,578,51,4,78852.26,3,0,0,102714.39,1
634,845,34,4,69286.85,2,0,1,134668.70,0
635,400,33,10,42725.24,1,1,0,154675.60,1
636,842,75,9,94133.33,3,0,0,98361.45,0
637,654,44,4,125312.92,4,1,1,131342.34,0
638,825,31,3,164744.91,1,1,0,106640.44,1
639,595,20,8,114430.56,3,0,1,45049.14,0
640,391,44,10,67026.22,4,0,1,91725.32,0
641,435,40,4,161495.76,4,1,1,25212.26,1
642,502,77,0,60142.11,2,1,1,186127.37,0
643,690,25,6,121654.12,1,0,0,38671.11,1
644,477,45,5,18461.42,4,1,0,85011.20,0
645,468,61,10,100416.58,3,1,1,199619.52,1
646,445,20,7,18381.14,3,0,0,186510.29,0
647,575,24,2,136518.93,4,1,0,62897.97,0
648,631,52,2,57108.15,4,0,1,100786.19,1
649,430,32,8,14411.36,1,0,0,139271.87,0
650,762,54,5,172523.58,3,1,1,173835.77,0
651,630,60,9,65392.08,4,1,0,153438.40,1
652,540,61,5,27586.83,2,0,1,54796.75,0
653,503,49,7,183329.95,2,1,0,46231.02,1
654,478,77,1,166608.48,3,1,1,144939.78,0
655,784,26,1,37380.56,3,0,0,144585.01,0
656,539,53,9,67199.28,1,0,1,26091.55,0
657,392,19,9,23491.76,1,0,0,88187.14,1
658,411,54,6,73804.45,4,1,0,44562.85,0
659,353,24,5,41051.47,3,1,0,55957.96,1
660,363,47,3,49722.80,1,0,0,138811.99,1
661,652,32,4,55642.57,1,0,1,61313.51,1
662,495,53,1,142485.40,2,0,0,33205.24,0
663,673,55,2,10038.36,3,0,1,163189.72,0
664,527,60,5,56677.04,4,0,0,99547.08,0
665,822,48,7,197643.87,4,0,1,39413.51,0
666,361,67,0,158494.47,4,1,1,183575.21,0
667,675,43,1,105048.50,1,0,0,124635.37,1
668,792,30,4,75159.22,3,0,0,14492.53,1
669,531,63,7,19809.08,2,0,0,77321.53,0
670,684,36,5,128545.71,3,0,0,87503.20,1
671,547,30,9,127783.07,3,0,0,68594.98,0
672,581,47,0,137162.84,2,1,0,150749.60,1
673,829,70,5,9475.86,3,1,1,147874.06,1
674,444,37,0,65840.03,2,0,0,45370.87,0
675,662,42,2,141112.90,4,1,1,170648.22,0
676,757,57,9,65065.50,1,0,0,105747.78,0
677,587,29,5,187436.97,1,0,0,59515.57,1
678,687,60,5,56529.24,4,0,0,152409.76,1
679,664,42,2,143422.83,1,1,0,79183.52,1
680,825,73,8,48567.59,4,0,1,195608.17,1
681,644,68,4,101422.31,2,0,1,184527.39,1
682,488,51,10,53171.81,2,1,1,22060.27,1
683,581,49,2,121991.21,2,1,0,165706.87,0
684,772,44,7,18873.72,2,1,1,56763.15,0
685,612,46,8,93530.04,1,1,0,33527.00,1
686,605,55,6,17703.68,3,0,0,60768.75,0
687,636,44,5,16998.07,4,1,0,139959.40,0
688,399,30,7,3825.45,4,1,1,145506.23,0
689,784,38,0,73577.88,3,1,1,21751.18,0
690,586,39,4,195151.96,3,0,0,167766.90,0
691,645,36,8,188213.02,2,0,0,55665.67,0
692,728,71,2,74434.42,1,0,0,146290.90,1
693,648,38,9,92531.63,3,1,1,38851.86,0
694,402,29,6,99256.73,3,1,1,40403.05,0
695,405,30,7,163858.52,1,1,1,91188.55,1
696,640,29,2,90163.11,3,1,0,55821.83,0
697,780,75,2,29616.89,1,0,1,68987.90,1
698,436,42,5,52286.30,4,0,0,44023.71,0
699,504,20,2,25322.32,4,0,1,148821.55,0
700,848,34,3,192768.27,4,1,0,76209.80,0
701,628,43,5,199706.04,3,0,1,148637.06,0
702,638,43,4,140271.23,2,0,1,39704.68,0
703,592,69,8,102398.92,1,0,1,39079.80,0
704,623,26,0,145026.62,3,1,0,88423.65,0
705,680,27,9,140935.52,1,1,1,188645.45,0
706,689,23,4,168246.35,4,0,1,97482.24,0
707,506,50,8,61657.77,1,1,0,68465.16,1
708,490,71,6,43536.21,2,0,1,115302.79,0
709,783,42,5,19257.70,1,0,0,59677.61,0
710,829,63,9,30478.67,1,0,0,13084.09,0
711,438,27,2,133033.42,3,0,0,65144.11,0
712,357,50,7,145201.12,3,1,1,137907.87,0
713,669,30,1,178412.15,1,0,0,27406.06,0
714,718,22,1,120655.02,3,1,0,113107.76,1
715,459,41,2,40070.30,1,0,0,124692.75,1
716,567,31,9,87066.13,3,0,0,151132.24,0
717,802,32,5,170796.79,3,0,1,76015.63,0
718,642,51,0,71664.25,4,1,1,148384.71,0
719,490,25,8,119789.89,3,0,0,177036.16,0
720,690,18,0,20593.87,2,1,1,154023.40,0
721,836,24,7,190285.15,4,0,1,36831.19,0
722,524,35,4,1397.72,4,1,0,175313.61,1
723,526,65,9,197349.60,2,1,0,20865.02,0
724,829,60,7,60233.29,2,0,0,48207.94,0
725,360,25,6,103799.29,4,1,1,144790.43,1
726,420,62,3,47520.47,2,1,0,111848.20,0
727,730,52,6,69353.02,4,0,0,195352.43,0
728,436,30,5,196760.58,2,1,0,127414.09,0
729,556,72,3,133774.01,3,1,0,30339.27,0
730,731,51,5,199768.52,2,1,0,168645.33,0
731,797,56,5,109283.09,2,1,1,150905.41,0
732,397,34,1,144463.37,2,0,0,122026.27,0
733,482,60,8,106325.72,2,1,0,123967.25,1
734,641,35,7,107609.41,3,1,0,115177.90,1
735,673,56,3,104386.15,3,0,0,58178.05,0
736,796,46,7,12233.49,1,1,1,44105.50,1
737,592,54,6,46165.92,2,1,0,44322.51,1
738,715,23,2,9126.71,2,0,1,91722.10,0
739,736,55,9,54936.36,4,1,0,157171.30,1
740,781,42,4,190824.93,2,0,0,130175.60,0
741,675,73,7,110624.24,4,0,1,170537.84,0
742,471,62,0,161580.01,1,1,0,107132.79,0
743,416,57,10,113529.30,1,1,1,146027.42,0
744,403,40,6,157168.78,1,0,1,89763.76,0
745,589,75,3,167484.28,1,0,0,58876.53,0
746,421,27,4,103896.44,2,0,1,78763.86,1
747,621,50,0,136296.25,1,0,1,193009.87,0
748,503,67,1,88441.29,3,0,0,62635.74,0
749,420,25,2,127244.74,3,1,0,97865.52,0
750,435,49,0,174373.70,1,1,0,11180.37,1
751,417,64,5,39779.05,2,1,0,35037.91,1
752,804,75,0,111442.49,3,1,0,84060.86,1
753,430,30,6,39098.22,2,1,0,178924.63,1
754,590,48,1,11599.55,4,0,1,182482.48,1
755,740,42,7,35695.42,4,1,0,131219.88,1
756,537,72,4,37002.83,4,0,1,44786.95,1
757,730,31,8,81846.01,3,1,0,112152.09,0
758,352,57,2,70185.92,4,1,1,76874.69,1
759,757,26,3,11893.63,2,1,1,105472.84,0
760,562,51,5,199590.27,2,1,0,48939.49,1
761,726,26,5,175459.86,1,0,1,39491.49,0
762,654,42,1,137890.84,4,0,1,23196.04,0
763,813,75,10,5850.43,1,1,0,133575.71,0
764,549,28,7,7741.23,1,0,0,88225.75,0
765,844,66,0,196935.27,3,0,0,31883.79,0
766,554,77,8,150075.27,3,0,1,189497.80,1
767,475,66,2,178815.30,3,1,1,103796.50,0
768,596,70,9,181154.65,4,0,0,184005.67,0
769,613,46,8,77900.42,3,0,1,41054.42,1
770,533,73,5,158024.17,2,1,0,69730.58,1
771,656,74,9,69176.56,1,0,0,13523.10,1
772,784,77,3,149557.93,3,0,0,183528.87,0
773,689,74,7,126306.91,1,0,0,89522.66,1
774,670,45,4,125808.11,4,1,0,169924.15,0
775,411,31,8,18440.03,1,1,0,35194.62,0
776,802,26,0,126901.97,1,1,0,70830.54,1
777,568,26,4,132180.12,1,0,0,133719.63,0
778,446,70,8,86313.81,3,0,0,133402.90,0
779,709,53,8,60636.00,1,0,1,195450.44,0
780,797,40,2,199396.72,2,0,1,90302.13,0
781,639,65,2,136812.46,4,1,0,143294.06,0
782,521,69,2,111371.09,1,1,0,111387.17,1
783,763,46,10,36210.93,1,0,0,78013.83,0
784,779,26,1,33769.50,2,1,0,121378.37,0
785,630,54,4,21656.00,2,1,1,191655.46,0
786,580,48,1,59236.66,4,0,0,19079.04,1
787,634,31,4,66130.30,2,0,0,96975.50,0
788,411,37,2,38650.36,2,1,0,54382.56,1
789,522,36,5,88045.51,4,1,1,94115.26,1
790,617,75,2,15938.18,4,1,1,188916.84,1
791,350,24,5,72348.81,1,1,1,181554.89,1
792,363,71,4,62419.09,2,1,0,108361.94,1
793,401,61,3,57803.48,3,0,0,145184.99,1
794,535,38,6,24644.85,3,0,1,140449.47,1
795,473,57,5,123791.40,3,1,1,111215.52,0
796,359,61,6,147737.70,4,0,1,77768.29,0
797,605,30,5,181036.81,1,0,1,21330.01,0
798,446,50,1,8157.53,4,1,0,116884.47,1
799,684,37,7,51816.58,2,1,1,102219.44,0
800,741,52,5,153672.82,2,0,0,64631.81,0
801,401,38,4,183412.73,2,0,1,141961.12,1
802,802,25,10,63552.70,4,1,1,82039.28,1
803,605,64,3,49471.86,2,1,1,110103.44,1
804,361,74,7,107785.42,3,1,1,103026.73,1
805,841,32,3,136338.75,3,1,1,140914.06,1
806,621,26,1,27574.31,2,0,0,11098.15,1
807,662,38,8,12229.77,4,0,0,157266.87,1
808,662,63,9,49050.64,3,1,1,33714.86,0
809,667,76,10,163844.92,2,1,0,93084.44,0
810,759,19,6,21279.53,3,1,0,80068.60,1
811,486,38,9,70783.94,1,1,1,132330.82,0
812,428,49,1,55009.51,4,0,1,109005.59,0
813,669,46,4,167968.50,4,1,1,121853.77,0
814,828,39,9,85691.41,2,1,0,54604.58,1
815,795,59,8,199039.79,3,1,1,182539.24,1
816,666,51,9,135377.97,4,1,0,118936.93,1
817,849,63,9,172102.17,4,0,1,180465.12,1
818,826,76,0,45973.23,1,1,1,124327.70,0
819,539,64,8,103549.16,2,1,0,126718.90,0
820,568,66,8,81167.26,3,0,1,61259.58,0
821,773,32,7,119676.32,4,0,0,88349.88,0
822,368,18,10,163482.67,1,0,0,190128.26,0
823,626,37,10,173263.10,2,1,0,70414.60,0
824,475,73,9,135501.71,3,1,0,138861.62,0
825,477,24,8,88848.08,4,1,1,137975.64,0
826,458,62,0,2861.40,4,1,0,137234.25,0
827,417,41,5,100055.90,4,0,0,175019.84,0
828,513,22,4,138371.24,2,0,1,50174.36,0
829,623,43,5,29927.50,2,0,0,198558.06,0
830,697,46,3,192877.90,4,0,0,141648.89,0
831,607,55,5,174573.24,3,0,1,119978.37,0
832,745,56,9,52107.17,4,0,0,162520.10,1
833,730,72,2,93282.42,3,1,1,131054.88,1
834,626,22,8,106985.08,2,0,1,42327.39,0
835,575,58,0,24606.30,3,0,1,129844.74,0
836,720,37,4,193009.99,3,0,0,155709.18,0
837,633,36,9,85269.12,3,0,1,43701.07,1
838,847,45,3,30548.01,4,1,0,96125.94,0
839,644,40,1,83103.78,4,1,0,39241.87,1
840,468,76,1,150779.34,2,1,1,134478.24,1
841,364,38,7,41958.17,1,1,0,95862.25,0
842,773,48,0,104960.65,3,0,0,111878.47,0
843,724,73,4,49680.12,1,0,1,49033.05,0
844,776,76,3,156333.44,4,0,1,108910.88,0
845,663,19,2,29665.00,1,1,1,162550.60,0
846,839,21,4,141571.40,2,1,0,68952.40,1
847,846,18,0,79870.34,3,0,0,47997.42,1
848,667,31,2,109852.20,1,0,1,10929.70,1
849,750,37,2,197020.91,2,1,0,60457.85,1
850,552,48,3,195053.21,4,0,0,96651.19,1
851,627,67,4,140222.92,1,1,0,149529.22,0
852,552,21,1,59079.55,1,0,1,59585.83,0
853,611,67,6,89391.60,2,0,1,38577.17,1
854,737,38,4,180168.89,2,0,0,107404.74,0
855,573,56,9,87251.99,3,1,1,140346.75,1
856,590,59,10,163037.38,1,0,0,22992.55,1
857,482,32,4,78364.32,3,0,0,43050.27,0
858,389,43,10,67395.91,4,1,1,134941.75,1
859,801,29,2,141083.73,4,1,0,39503.17,1
860,363,20,1,97584.10,1,1,0,155752.09,1
861,573,41,6,166288.18,2,0,0,57906.26,1
862,386,46,1,53662.84,4,1,0,158028.81,0
863,416,28,5,190267.53,2,0,1,67953.25,1
864,647,34,6,766.51,2,1,0,57397.61,1
865,810,18,2,52584.53,3,1,0,188165.85,0
866,423,27,3,46129.10,1,1,1,118117.34,0
867,839,71,5,165433.85,3,1,1,83786.33,1
868,763,62,2,161233.20,2,1,0,172717.97,1
869,380,25,4,173478.36,4,0,1,144397.58,0
870,527,71,4,33038.36,3,0,1,151490.14,1
871,659,64,0,178242.86,2,1,1,62745.15,1
872,390,57,0,37894.54,4,1,1,160828.37,0
873,694,42,10,97236.40,3,1,0,128920.32,0
874,453,41,3,70981.82,4,0,1,40459.21,0
875,604,39,2,27104.60,4,0,0,55221.10,1
876,844,25,7,183379.76,3,0,1,66839.99,1
877,377,48,3,41657.26,1,0,0,127964.82,1
878,736,34,0,117964.55,3,1,0,128444.05,0
879,709,32,0,102626.59,2,1,1,97972.36,0
880,624,52,2,102195.97,4,0,0,177610.75,0
881,485,66,2,111855.09,1,0,0,196780.04,1
882,790,60,9,62470.35,4,1,0,65661.31,1
883,503,19,2,170627.19,3,0,1,166984.57,0
884,579,62,3,53708.88,2,0,0,183234.88,0
885,802,50,10,58895.90,3,1,0,93507.10,1
886,688,77,9,107952.60,1,0,1,89390.62,0
887,596,42,6,150778.80,4,1,0,66445.82,0
888,547,54,9,71795.93,2,0,0,27158.59,0
889,473,37,9,101351.88,4,1,1,50388.82,1
890,844,39,9,45362.10,3,0,0,58291.60,1
891,694,64,8,142400.83,1,1,0,28966.97,0
892,809,33,6,8931.87,3,0,1,81086.80,1
893,825,72,7,164854.28,4,0,0,185949.44,1
894,671,51,9,133550.24,3,1,0,91235.67,1
895,466,45,6,92655.24,3,1,1,154925.67,0
896,796,27,1,9671.10,4,1,1,57042.91,1
897,408,58,0,4713.01,1,0,1,75153.46,1
898,818,72,7,167928.73,1,1,1,192074.71,0
899,779,69,7,170887.13,1,1,0,47131.98,0
900,628,47,9,124363.16,3,0,1,116741.17,1
901,728,61,3,96818.86,2,1,0,62438.00,1
902,743,39,4,35422.65,3,0,1,86245.33,0
903,689,70,3,176528.73,3,1,0,93214.44,0
904,657,72,8,181113.49,2,1,1,80815.77,0
905,503,58,5,80585.07,3,1,1,30178.45,1
906,553,66,8,108838.96,2,0,1,65605.34,1
907,611,76,3,117938.82,1,0,0,194242.03,1
908,601,46,9,158037.68,2,1,1,152499.93,1
909,455,40,2,19572.73,4,0,0,69152.11,0
910,630,48,9,153208.24,2,1,0,149176.97,0
911,397,59,2,183527.22,4,0,1,165665.85,1
912,404,18,7,87495.20,1,0,0,100754.23,0
913,605,77,4,7994.91,1,1,0,91314.21,1
914,439,31,6,24381.57,4,0,1,106874.81,1
915,628,38,0,7981.40,1,1,0,99619.21,1
916,555,27,6,59571.28,4,0,1,198385.06,1
917,662,76,10,178123.24,3,0,0,41102.97,1
918,415,46,0,121010.91,4,0,1,173645.36,1
919,749,75,4,36573.33,3,1,0,187499.68,0
920,534,50,6,93676.35,2,1,0,97206.43,1
921,787,67,5,197687.92,2,0,0,39539.43,0
922,656,67,2,170342.66,2,1,1,93282.66,0
923,436,40,3,132756.33,1,0,0,77978.60,1
924,722,20,10,130063.72,2,0,1,83477.38,0
925,467,38,10,169448.18,2,0,0,12675.83,1
926,595,38,2,2785.37,2,0,1,111976.42,0
927,844,53,10,14109.61,2,0,1,102506.09,1
928,709,59,3,70519.44,4,1,1,91183.59,1
929,635,50,10,72244.60,4,1,0,102829.24,1
930,553,24,3,57238.52,2,0,1,55140.27,0
931,519,45,3,29312.00,4,1,1,15132.71,0
932,419,39,4,177213.47,1,1,0,192261.03,0
933,373,22,2,9866.93,2,0,1,150897.11,1
934,403,50,3,38481.76,4,1,1,14122.80,1
935,825,74,9,92669.27,3,0,0,25340.30,0
936,636,40,1,136442.37,4,1,0,160212.68,1
937,771,35,10,140839.80,4,1,1,95517.08,1
938,623,77,3,142938.04,3,1,0,48805.19,1
939,534,45,1,91372.58,4,1,1,49531.01,0
940,645,31,3,22241.53,2,0,1,96855.94,0
941,847,51,8,57028.33,1,0,1,98998.04,0
942,396,76,6,186398.44,4,1,0,45602.44,1
943,730,30,8,52650.08,4,0,1,58123.08,1
944,371,74,6,189617.11,1,1,1,119323.14,1
945,685,60,6,133261.38,3,0,0,70143.14,1
946,835,72,6,61323.13,3,1,0,95926.72,0
947,517,57,3,89934.32,2,1,1,169600.63,0
948,514,50,7,175442.59,2,1,0,185622.16,1
949,384,20,10,166369.99,1,0,1,26381.37,0
950,638,65,2,121875.08,2,1,0,61915.97,1
951,634,30,3,34033.61,4,0,0,59609.82,1
952,458,35,8,3992.24,4,1,1,55567.48,1
953,476,34,7,76103.21,4,1,1,193584.12,1
954,357,25,6,118825.68,1,0,0,43863.59,1
955,445,36,0,18860.17,2,1,0,48615.30,1
956,505,30,0,151903.29,3,1,0,10932.02,1
957,592,61,1,127889.90,3,1,0,94278.26,1
958,674,33,3,193319.77,4,0,1,174055.25,1
959,419,69,9,154189.67,1,1,1,166030.12,0
960,445,75,2,52596.74,3,0,1,87224.41,0
961,607,49,1,190614.82,2,0,0,166527.16,0
962,660,20,4,145522.55,3,0,0,25622.78,0
963,823,55,2,93431.40,3,0,1,26282.20,0
964,411,41,6,123413.30,2,0,0,106227.06,0
965,462,22,8,83550.17,4,0,0,13063.63,0
966,608,32,7,143296.61,3,0,0,120559.03,1
967,712,74,6,185373.50,4,0,1,100802.17,1
968,459,72,9,105518.55,1,1,0,162468.43,0
969,816,45,5,33374.56,2,0,0,146418.59,0
970,618,34,8,190606.45,3,1,1,140067.54,0
971,449,32,6,65804.24,4,0,1,118027.95,1
972,389,49,4,55841.56,2,1,0,61202.18,1
973,619,59,8,5398.33,3,0,1,15264.46,0
974,628,65,3,39108.03,1,1,1,107681.82,1
975,800,44,5,37768.70,2,1,1,196588.77,1
976,412,65,6,74882.20,1,0,1,135957.10,1
977,403,58,0,53054.99,1,1,0,170435.19,0
978,553,46,1,56966.05,1,0,1,97353.51,1
979,501,60,6,660.12,1,1,0,62177.12,0
980,807,26,10,45321.13,2,0,0,151664.68,1
981,510,22,4,145008.53,2,0,0,58348.39,0
982,609,67,6,60234.15,4,0,0,112951.95,0
983,516,47,5,165197.32,3,0,0,119457.90,1
984,636,70,7,165802.51,1,1,1,176495.92,1
985,542,48,4,110246.66,2,1,1,20668.58,0
986,589,18,6,3839.70,2,0,1,26035.74,1
987,406,50,4,65621.52,2,0,0,10611.04,0
988,469,68,5,16905.08,4,1,0,114862.07,1
989,755,40,5,29980.94,2,0,0,18269.89,1
990,775,34,8,26066.77,2,0,0,198976.76,1
991,522,61,6,160199.39,1,1,1,166045.01,1
992,566,67,9,127355.12,3,1,0,66346.13,1
993,581,36,1,156963.91,3,0,0,175081.00,1
994,409,75,4,68068.88,2,1,0,120555.84,1
995,672,53,0,60630.31,2,0,1,172655.38,1
996,449,62,0,39119.64,3,0,0,20876.72,0
997,463,59,8,175268.35,1,0,1,148830.51,1
998,487,35,7,66036.85,3,1,1,27612.14,0
999,373,68,0,146920.16,3,0,1,68797.98,0
1000,413,54,7,79971.53,1,0,1,55753.02,1
1024,465,40,2,179956.15,4,1,1,160361.60,1
1025,815,58,6,157791.57,2,1,1,24257.50,0
1026,758,69,9,119166.14,2,1,1,67025.17,1
1027,439,20,7,57056.23,2,0,0,196086.10,1
1028,524,28,9,121580.70,3,1,0,19412.23,1
1029,434,69,8,40636.40,4,0,1,191987.01,1
1030,552,21,0,41671.44,4,0,1,77132.92,1
1031,757,39,3,104183.59,3,1,1,27269.90,0
1032,450,48,10,72477.46,4,0,1,55796.91,0
1033,573,73,3,162571.58,1,0,1,134606.90,0
1034,350,67,1,13770.74,1,1,0,149812.25,0
1035,730,31,9,88599.80,4,0,1,61533.89,1
1036,470,40,1,124423.75,3,0,0,179288.62,1
1037,803,41,2,186025.70,4,0,1,16518.57,0
1038,369,72,4,82111.45,4,1,1,33965.41,0
1039,748,34,0,40748.33,4,0,1,169808.14,1
1040,759,47,10,98695.14,2,1,0,184004.40,0
1041,702,21,1,120160.09,3,1,0,75640.32,1
1042,427,69,9,117485.35,2,0,1,159796.32,1
1043,427,33,9,83774.85,3,1,0,172329.33,0
1044,713,69,1,2531.11,3,1,0,94721.17,0
1045,821,51,10,188877.70,4,1,0,79365.15,1
1046,350,26,7,39422.99,4,0,1,96793.34,0
1047,740,66,7,31303.40,3,1,0,55636.19,1
1048,636,35,7,136625.88,2,0,0,156819.76,0
1049,814,72,7,174252.63,1,0,1,128330.97,0
1050,761,24,0,184128.30,2,1,0,79801.06,1
1051,816,68,4,128656.56,4,1,0,97930.19,1
1052,581,54,6,68816.53,4,0,0,167452.36,0
1053,766,76,4,187646.40,3,0,1,131848.82,1
1054,685,65,10,94238.68,2,1,1,121264.83,0
1055,401,18,7,94918.02,2,0,0,171060.27,1
1056,374,23,3,58774.69,3,1,0,123350.72,0
1057,644,49,9,113152.16,2,0,0,108462.40,1
1058,391,68,10,22959.80,4,1,1,130934.72,0
1059,396,33,0,64717.64,3,1,0,117516.07,1
1060,559,31,9,146915.71,1,1,0,96927.38,1
1061,653,20,4,196103.53,3,0,0,131612.74,0
1062,610,38,1,119313.71,3,0,1,103162.68,0
1063,620,47,9,163116.03,2,0,1,39250.18,1
1064,695,75,8,164479.34,4,1,0,163328.06,1
1065,703,57,2,186600.10,1,1,1,73602.16,0
1066,541,58,2,38605.27,1,1,0,190614.72,0
1067,849,71,4,91765.27,1,1,1,85500.11,1
1068,684,19,1,115923.90,3,1,0,59645.67,0
1069,403,41,7,35023.72,4,1,0,93494.83,1
1070,705,26,6,64271.09,4,1,1,191798.08,0
1071,449,39,1,152439.73,2,0,1,31537.85,1
1072,512,43,1,89417.15,4,1,0,197332.93,1
1073,635,26,10,89254.52,2,0,0,144323.69,1
1074,447,77,3,150358.69,3,0,1,38165.97,0
1075,383,19,10,133159.07,2,0,0,22702.13,0
1076,813,51,0,67591.00,3,0,0,173526.69,0
1077,654,37,9,34813.75,2,0,0,86648.06,1
1078,768,39,2,56632.00,3,0,0,154472.44,1
1079,789,48,9,173078.61,3,1,0,127950.16,1
1080,624,59,9,16674.72,4,0,1,74821.50,0
1081,648,54,2,99817.18,3,1,1,36490.91,0
1082,761,40,4,172897.19,1,0,1,85476.05,0
1083,844,32,2,86765.39,2,0,1,135801.74,0
1084,769,23,10,107715.13,4,0,0,43276.88,1
1085,350,47,4,154565.35,3,0,1,37783.04,0
1086,530,61,6,119711.65,2,1,0,36397.56,0
1087,492,42,1,128045.71,3,1,1,14453.34,1
1088,755,37,1,187591.92,1,1,0,20911.51,1
1089,751,55,7,147849.14,3,0,0,43418.03,0
1090,666,70,4,127528.92,4,0,1,143933.22,1
1091,757,60,1,105943.95,1,1,0,16968.98,0
1092,402,41,7,34769.60,4,1,0,36388.56,1
1093,423,29,6,36641.37,1,1,1,66438.17,0
1094,605,24,0,176318.94,2,1,1,98092.47,0
1095,581,66,6,139801.27,3,0,0,186365.34,0
1096,379,29,8,53151.56,1,0,1,64561.97,0
1097,496,28,10,70377.88,4,0,0,162711.16,0
1098,781,51,1,48096.13,3,1,1,167215.76,0
1099,607,40,3,111086.98,4,0,1,40008.54,0
1100,602,74,2,19134.18,4,0,0,190522.67,1
1101,762,73,1,187270.41,2,0,1,126449.33,0
1102,531,23,4,121303.20,4,1,1,118515.60,1
1103,689,39,8,154209.03,3,0,0,105470.77,1
1104,360,53,9,139874.34,4,1,0,182539.84,0
1105,665,62,9,183600.21,1,1,0,144100.98,0
1106,746,67,8,36189.96,3,0,0,29967.34,0
1107,674,22,4,148930.88,3,1,0,122415.94,1
1108,532,38,6,16898.86,3,1,1,181451.63,1
1109,634,34,7,106230.61,3,1,0,186285.58,0
1110,391,71,2,82534.71,2,1,1,108305.01,0
1111,657,40,0,13466.92,1,1,1,43755.17,1
1112,562,39,5,71798.10,2,1,0,49660.89,0
1113,386,38,5,111202.38,1,0,0,43173.69,0
1114,571,20,9,28685.18,1,0,1,72513.92,0
1115,670,67,2,137077.19,3,1,0,180388.87,1
1116,485,40,0,53231.15,1,1,1,183920.13,1
1117,630,67,4,121626.52,4,0,1,13969.89,1
1118,720,19,9,91923.96,3,0,1,50932.60,1
1119,681,61,7,26323.75,3,1,1,72449.96,1
1120,824,41,0,46471.55,4,1,1,189912.58,1
1121,573,57,10,171482.18,2,0,1,130213.49,1
1122,356,37,6,173762.99,3,1,0,168007.81,1
1123,490,26,9,185591.48,1,0,1,30091.05,1
1124,825,65,1,30348.00,2,1,0,31276.90,0
1125,484,77,1,127981.40,4,0,1,138058.11,1
1126,466,30,3,20989.14,2,0,0,62941.10,0
1127,470,27,0,176611.78,1,0,0,132090.84,1
1128,393,19,9,61455.12,4,1,0,76361.45,0
1129,535,54,10,147634.25,4,1,0,86710.54,1
1130,569,42,7,50224.26,1,0,0,164873.10,0
1131,365,34,2,85352.10,2,1,0,98870.86,0
1132,641,61,9,33688.86,1,1,1,123857.77,1
1133,436,47,9,8955.53,3,0,1,15285.86,0
1134,380,19,10,103448.63,4,1,1,136990.55,0
1135,780,65,3,81946.51,4,1,1,104587.10,1
1136,456,32,6,21657.75,4,1,1,180675.28,1
1137,387,24,3,74279.72,4,0,1,70050.52,1
1138,696,70,3,195358.60,4,1,0,57896.46,1
1139,392,49,3,33450.27,4,0,0,188492.96,0
1140,537,51,7,142706.24,3,1,1,48308.86,0
1141,486,68,3,60097.27,2,0,1,172343.75,0
1142,624,22,8,88238.42,1,1,0,69933.77,0
1143,699,24,5,192535.59,2,0,0,148563.91,0
1144,500,54,1,198734.55,2,0,0,143033.13,0
1145,428,43,7,15298.36,2,1,1,137791.27,1
1146,548,74,5,137781.41,4,1,0,193621.17,1
1147,649,71,7,145467.74,3,1,0,162967.91,1
1148,599,50,2,105358.98,4,0,1,25426.17,0
1149,689,32,1,31983.99,2,1,0,143072.90,0
1150,681,69,3,166336.33,2,0,1,181139.94,1
1151,841,36,6,1864.71,2,0,0,139942.42,1
1152,507,75,9,52750.70,4,0,1,148817.42,1
1153,371,58,2,33980.35,1,0,0,138185.09,0
1154,500,36,7,59951.82,3,1,1,115239.53,0
1155,526,27,7,13261.64,1,1,1,70953.13,0
1156,390,64,7,196207.23,4,1,0,120260.97,0
1157,660,71,6,52054.62,3,1,0,86255.41,1
1158,460,44,6,110077.99,1,0,0,29949.26,0
1159,438,77,4,36248.30,3,1,1,196893.15,1
1160,417,31,7,176907.99,2,1,0,49159.42,1
1161,715,56,0,56521.24,2,1,1,136458.11,1
1162,754,63,4,139598.85,2,0,1,151375.07,1
1163,754,55,7,108501.65,3,1,1,125135.25,0
1164,412,45,9,32803.31,1,0,1,161060.11,1
1165,838,70,4,95844.97,1,0,1,180674.07,1
1166,649,19,3,83472.98,1,1,0,161520.02,0
1167,479,36,7,146810.01,2,0,1,17682.97,1
1168,633,19,4,198161.62,3,1,1,179913.18,1
1169,548,26,5,1957.05,3,1,0,99892.66,0
1170,448,54,5,117862.66,2,1,1,38015.78,0
1171,801,60,9,15204.43,4,0,1,61495.06,0
1172,698,52,8,56893.75,1,0,1,30709.08,1
1173,516,46,3,62340.29,3,1,1,128583.32,0
1174,598,57,9,28209.62,1,1,1,47127.48,0
1175,517,49,6,87512.62,2,1,1,193490.47,1
1176,705,65,8,133521.71,4,1,0,75797.08,0
1177,450,69,7,187783.79,3,0,1,40533.10,1
1178,495,29,0,155239.94,3,0,0,33732.82,1
1179,773,60,10,150217.72,4,1,0,53480.73,1
1180,763,55,7,79506.93,1,1,0,130240.96,1
1181,785,23,9,8519.64,3,1,1,111388.74,0
1182,675,24,6,118285.15,1,0,1,155269.56,1
1183,408,50,3,20817.95,2,0,0,94901.40,1
1184,530,53,9,87563.50,3,0,0,49077.87,0
1185,532,32,0,141342.48,2,0,1,104005.68,0
1186,663,70,5,140190.51,1,1,0,52306.10,1
1187,707,50,6,67219.58,4,0,1,98148.99,1
1188,746,21,9,73421.63,1,0,1,68841.19,1
1189,751,64,5,20085.23,1,1,0,194495.11,1
1190,578,57,10,132170.22,3,1,1,179158.67,1
1191,504,27,9,154313.09,2,0,0,44530.67,1
1192,362,76,9,50313.17,3,1,0,95275.28,1
1193,418,77,6,170007.70,3,0,0,186319.66,1
1194,818,45,4,178941.63,1,1,0,125028.91,0
1195,419,25,2,113848.36,2,1,1,158240.92,1
1196,469,56,5,118878.80,2,0,0,28739.03,0
1197,549,52,7,137580.71,2,1,0,143518.46,1
1198,524,58,3,112065.42,4,1,0,43786.25,1
1199,381,27,6,110933.58,4,0,1,196163.56,1
1200,691,56,1,162944.46,3,1,1,119672.19,1
1201,539,19,10,179082.36,2,1,0,151192.93,0
1202,403,26,3,79756.43,4,0,1,184535.88,1
1203,535,76,8,194460.91,3,1,1,170653.75,1
1204,399,60,2,38223.51,1,0,1,97521.12,0
1205,735,52,5,178114.13,4,1,0,119417.54,1
1206,628,66,4,103934.73,2,1,1,18424.23,1
1207,731,22,1,65671.17,2,1,1,142359.89,1
1208,682,58,3,146844.35,3,1,1,52537.92,1
1209,753,74,3,151197.03,4,1,1,189919.03,1
1210,615,55,6,187278.15,4,0,1,116121.41,0
1211,685,26,8,40207.21,4,0,1,73507.87,1
1212,359,59,4,153702.85,3,0,1,93203.53,0
1213,531,66,10,69408.18,4,0,1,175838.40,0
1214,721,36,2,91373.85,2,1,0,93825.76,1
1215,647,55,3,148668.64,4,1,0,104464.35,0
1216,660,44,3,60042.27,3,1,0,190716.61,1
1217,415,57,10,125982.72,2,1,1,70205.52,1
1218,363,26,7,174380.56,2,0,0,90384.47,0
1219,357,72,5,146417.72,1,1,0,103143.79,0
1220,672,27,9,155560.54,2,0,1,182181.02,0
1221,823,38,9,29654.99,2,1,0,25352.68,0
1222,466,58,7,96728.35,2,0,0,158715.65,1
1223,516,45,3,20260.84,3,1,0,29282.18,0
1224,758,42,6,157316.36,1,0,1,130646.31,1
1225,765,48,0,175621.35,1,0,1,173200.38,1
1226,829,22,5,48540.79,3,1,1,155268.52,0
1227,362,37,6,189324.41,4,1,0,73164.06,0
1228,543,48,3,50064.55,1,0,1,56138.90,0
1229,592,23,0,160356.51,4,0,0,41055.25,1
1230,654,29,1,4703.29,4,1,0,169776.68,1
1231,510,59,5,114412.12,2,1,0,151439.22,0
1232,842,53,10,44058.11,1,1,0,131336.78,0
1233,480,29,2,83376.54,2,0,0,35570.37,1
1234,444,65,4,118191.63,4,0,0,102019.33,1
1235,523,69,2,136072.18,3,0,0,122111.99,1
1236,576,61,3,45717.01,2,1,0,10182.05,1
1237,792,23,8,156939.13,2,0,1,40623.24,0
1238,591,68,7,22132.44,2,1,1,67503.85,0
1239,549,66,9,161012.61,2,0,1,42962.36,1
1240,398,61,3,64979.91,3,1,0,128898.28,0
1241,585,26,3,36998.98,4,0,0,162491.87,1
1242,653,55,3,128575.05,2,1,0,99755.38,0
1243,671,52,10,12728.74,2,0,1,135406.27,0
1244,565,72,2,92917.38,3,1,1,143796.52,1
1245,488,62,9,58267.33,3,1,1,168352.73,1
1246,607,63,2,12538.41,3,0,0,136798.00,1
1247,713,66,9,144551.60,1,1,0,62983.19,1
1248,681,55,1,133569.20,1,0,1,40921.33,0
1249,381,40,7,95994.08,1,1,1,106064.12,0
1250,615,43,5,86959.05,3,0,0,191691.26,0
1251,570,67,8,89331.57,4,0,1,157552.04,0
1252,802,28,2,82552.66,2,0,1,83548.18,0
1253,555,60,3,110952.18,4,0,0,199865.44,0
1254,371,53,9,67431.11,1,0,1,158925.88,0
1255,365,61,5,104645.71,4,0,0,174585.89,0
1256,785,46,8,57309.65,1,0,0,102726.15,0
1257,523,32,2,37914.71,2,0,1,180546.81,0
1258,576,28,5,20206.05,4,0,1,65565.87,1
1259,659,41,1,89450.63,4,1,0,117927.48,1
1260,579,41,6,171540.74,2,1,0,190252.65,0
1261,625,48,10,19600.37,3,0,1,44726.98,0
1262,623,58,8,145786.83,2,1,1,100408.58,1
1263,546,58,1,166347.96,3,1,1,87706.62,0
1264,707,18,10,103268.04,4,1,1,169640.07,0
1265,637,31,4,37428.15,4,1,0,92685.83,1
1266,350,43,1,57407.70,1,1,1,139235.08,1
1267,407,58,0,45623.63,4,0,0,35305.47,0
1268,623,28,2,103683.19,4,0,1,99850.55,0
1269,388,47,2,118925.50,2,1,0,147276.63,0
1270,669,60,7,26582.35,3,0,0,106588.84,0
1271,775,67,6,103620.02,4,0,0,49580.58,1
1272,701,49,5,175611.88,4,0,0,58850.33,1
1273,754,47,0,165723.74,4,0,0,87581.80,1
1274,576,21,10,101779.53,3,0,0,193180.96,0
1275,406,39,5,52181.96,4,1,1,11224.83,1
1276,748,35,0,101389.70,2,1,0,60361.90,0
1277,408,20,9,28798.08,1,0,0,123513.17,1
1278,393,48,2,156005.34,1,0,0,108751.59,0
1279,475,28,0,189258.44,2,0,1,58094.48,0
1280,677,67,1,76779.46,2,1,0,116022.07,1
1281,358,70,3,179672.00,3,0,0,74936.32,0
1282,548,49,5,142007.83,1,1,0,68526.83,0
1283,531,20,1,114956.77,2,0,0,63950.64,1
1284,807,61,9,7545.53,3,0,0,145018.33,1
1285,404,54,7,125683.37,1,1,0,16544.19,0
1286,382,55,10,139611.12,4,1,0,108237.52,0
1287,730,19,8,191941.99,2,0,0,186175.34,1
1288,788,53,3,154093.29,4,0,1,163635.87,0
1289,434,47,10,50883.17,2,0,1,127471.10,1
1290,350,59,5,43116.53,3,1,0,100699.44,1
1291,496,31,3,135731.50,3,1,0,91703.67,0
1292,755,77,5,130620.40,3,0,0,83783.18,1
1293,844,45,3,25134.32,3,0,0,163885.92,0
1294,637,70,6,103363.95,3,1,1,48137.06,0
1295,791,73,10,28673.62,4,0,1,181611.97,1
1296,726,59,2,177585.77,4,1,1,95989.64,0
1297,702,71,3,180681.18,3,0,0,135516.42,1
1298,727,26,4,132499.36,1,0,1,178529.66,1
1299,654,22,6,129730.86,3,1,0,109355.22,0
1300,627,23,9,163303.36,3,1,0,176260.21,0
1301,767,36,0,24011.43,3,1,0,107146.03,0
1302,698,26,7,160508.07,1,1,0,33568.78,1
1303,419,29,5,26666.88,1,1,1,17285.43,1
1304,605,76,3,166065.49,1,1,1,61432.43,0
1305,482,22,6,146158.80,4,0,0,13560.80,0
1306,676,68,2,130809.60,3,1,1,172044.79,0
1307,487,70,6,29809.73,1,1,0,126637.01,1
1308,429,77,5,91985.38,4,1,1,38856.43,0
1309,671,51,9,107374.96,1,0,1,78294.57,1
1310,772,34,8,42603.24,3,1,0,71025.45,1
1311,502,75,10,133217.07,3,1,0,68800.84,0
1312,454,63,2,138838.64,4,0,1,99542.97,1
1313,472,19,4,406.18,4,1,1,89565.35,0
1314,408,27,5,172812.90,4,1,1,183203.71,1
1315,820,48,7,187343.53,3,0,1,149452.72,0
1316,599,22,9,30131.73,1,0,1,71202.71,1
1317,539,35,3,113524.31,4,0,0,69842.24,1
1318,794,50,0,127230.70,1,0,1,179889.02,1
1319,487,77,1,167273.31,3,1,1,156842.24,0
1320,594,39,3,125826.65,1,1,0,105662.38,0
1321,514,26,8,48914.99,1,0,1,62448.64,0
1322,438,58,9,64660.44,4,0,0,88696.00,1
1323,708,30,9,156151.24,2,1,0,136888.46,1
1324,766,33,9,66666.76,1,1,0,195101.55,0
1325,848,67,1,59565.89,1,0,1,23770.06,1
1326,649,36,8,150523.75,3,1,0,108300.66,1
1327,827,34,5,132926.02,4,0,0,75780.45,1
1328,350,29,10,5466.84,2,1,0,33274.17,0
1329,636,36,8,19101.50,1,0,0,106588.35,0
1330,355,61,6,191621.40,4,1,0,190183.68,1
1331,618,57,7,78220.38,4,1,1,77600.31,0
1332,391,25,3,84705.74,1,1,1,95397.40,0
1333,794,60,9,35602.39,2,0,0,10261.64,0
1334,720,57,0,60461.49,2,1,0,92008.08,1
1335,624,20,6,134265.74,3,0,1,44997.22,0
1336,388,42,8,157732.20,3,0,0,31762.74,1
1337,466,55,4,33163.61,3,1,1,33932.32,1
1338,531,52,8,29282.40,2,1,1,125703.74,0
1339,810,51,0,82852.26,1,1,0,157686.91,0
1340,825,52,0,109475.35,3,0,0,44165.34,0
1341,822,32,3,198871.33,4,1,0,164547.77,1
1342,580,40,5,35429.80,3,0,1,75872.46,1
1343,420,65,6,88966.95,3,0,1,16966.88,1
1344,504,71,5,8675.07,3,1,0,64356.12,0
1345,591,30,6,85968.27,2,0,0,180523.48,0
1346,747,46,0,133795.70,2,0,0,41680.94,1
1347,731,69,0,89712.64,1,1,0,197222.73,0
1348,653,59,7,36064.20,4,0,0,150075.48,1
1349,557,48,2,165335.78,2,0,1,196830.05,0
1350,380,60,3,96360.22,2,1,1,176103.53,1
1351,815,49,9,119117.26,2,1,0,143883.01,0
1352,423,52,4,104469.62,2,1,1,188178.42,0
1353,528,23,3,98267.14,2,1,1,117097.44,1
1354,602,18,5,133816.35,3,1,1,105669.87,1
1355,403,64,5,53282.38,4,0,0,117152.82,1
1356,506,63,9,4066.01,3,1,0,67758.04,1
1357,754,30,6,96143.54,3,0,1,89396.07,0
1358,696,71,4,56321.65,1,0,1,60891.04,1
1359,520,31,0,131450.80,1,1,0,67461.85,0
1360,803,44,5,30417.19,2,1,1,159469.88,1
1361,760,53,5,156433.88,2,1,0,115570.70,1
1362,355,45,2,155595.83,1,1,1,95247.80,0
1363,426,34,9,117735.76,2,1,1,90689.51,0
1364,397,57,10,190682.61,4,0,1,170016.38,0
1365,803,34,7,81432.87,1,0,0,131665.42,1
1366,676,49,7,143522.54,3,1,1,15697.12,1
1367,492,66,1,76348.52,2,0,1,19944.43,1
1368,731,45,0,152647.97,3,0,0,63684.36,0
1369,577,23,1,37336.60,3,1,1,36214.36,1
1370,388,35,2,30842.06,1,0,0,77900.34,1
1371,647,28,0,182356.96,2,1,1,35928.63,0
1372,749,70,10,31370.30,4,0,1,90457.91,0
1373,701,73,5,184581.23,4,0,1,160211.39,0
1374,627,54,4,46284.45,4,1,1,43498.68,0
1375,674,50,8,7944.97,1,1,1,115718.84,1
1376,393,28,6,125624.09,1,0,1,124939.72,0
1377,614,68,6,113780.40,4,0,0,77035.85,0
1378,642,50,10,13408.17,3,0,1,119017.19,0
1379,364,59,4,159289.58,4,1,1,17055.29,0
1380,627,64,2,157403.70,2,1,1,188618.22,1
1381,512,26,7,23057.78,2,1,0,85759.71,1
1382,771,41,4,193021.72,3,1,0,161541.47,1
1383,759,28,4,95490.33,1,1,0,147180.79,0
1384,836,52,10,27003.10,4,0,1,137527.66,1
1385,595,39,3,73873.26,4,1,0,185026.30,1
1386,753,71,0,113221.63,3,1,0,71815.78,0
1387,762,56,8,153464.72,3,1,0,52161.44,1
1388,375,19,10,146059.35,4,1,0,65454.28,0
1389,575,45,10,78260.15,1,0,0,145658.25,0
1390,392,59,2,188194.18,1,1,1,174121.37,0
1391,635,51,0,130639.45,1,0,1,14845.71,1
1392,720,18,9,31599.18,2,1,1,116020.03,1
1393,629,33,6,43633.18,2,1,0,59121.91,0
1394,464,50,0,83649.34,1,0,0,47810.24,0
1395,775,77,4,187531.73,3,1,0,78024.55,1
1396,536,65,9,175616.05,4,1,0,76494.81,0
1397,746,45,10,40748.01,2,1,1,53415.83,0
1398,690,76,9,84178.47,2,0,0,16787.92,0
1399,520,68,1,59467.44,1,0,1,109288.87,1
1400,793,63,1,99758.29,1,1,1,183257.71,1
1401,812,43,4,115715.22,4,0,0,37422.26,1
1402,664,60,7,16769.86,3,0,1,193668.96,1
1403,415,68,8,78574.28,3,1,1,135497.62,1
1404,815,72,8,190666.66,3,1,0,165664.39,1
1405,775,34,8,33423.31,2,1,0,146356.10,0
1406,799,33,6,63898.44,3,1,0,75252.13,1
1407,481,62,10,73276.90,1,0,0,30522.04,1
1408,595,52,4,29067.68,3,1,0,168825.72,0
1409,415,34,10,188972.77,4,1,0,153199.95,1
1410,580,58,10,176039.35,2,1,1,163335.79,0
1411,502,23,5,64172.07,1,0,0,68185.85,0
1412,792,74,0,86501.26,1,1,1,73828.99,1
1413,671,55,2,20191.11,4,0,1,139775.63,0
1414,514,67,1,11160.18,4,1,1,165104.34,0
1415,450,19,5,73572.10,2,1,1,92724.35,0
1416,756,41,5,104487.07,4,0,1,20016.65,1
1417,751,56,8,184821.37,2,1,0,164372.40,0
1418,748,32,9,83621.63,3,1,1,88522.06,0
1419,418,69,9,170505.56,3,0,0,30945.89,0
1420,817,48,8,50810.21,4,0,0,170994.65,1
1421,420,71,0,121549.43,4,0,1,121469.43,1
1422,778,60,0,175107.65,2,0,1,183360.64,1
1423,619,25,0,163524.57,4,0,1,39876.84,0
1424,800,58,7,98702.70,2,0,0,16279.87,1
1425,604,40,3,135734.02,2,0,1,74861.47,0
1426,355,19,1,101742.87,1,0,0,187522.01,0
1427,446,64,2,6248.67,2,1,0,80881.36,0
1428,397,38,4,23497.36,2,0,1,170397.03,1
1429,682,42,0,197829.42,4,0,0,99715.29,1
1430,773,58,9,33304.00,2,0,0,19617.31,1
1431,463,48,9,166797.19,3,0,1,30130.79,1
1432,764,57,8,195633.16,3,1,1,74491.93,0
1433,461,76,2,9763.83,3,0,1,167005.75,1
1434,426,29,5,169150.55,4,0,1,94277.19,1
1435,392,40,7,9292.63,2,0,0,122299.00,1
1436,831,52,10,23391.81,3,0,0,124294.47,1
1437,672,51,9,122458.83,2,1,1,184457.07,1
1438,366,35,3,172158.44,2,1,1,144581.19,1
1439,655,42,2,182775.20,4,1,1,36613.74,1
1440,752,47,0,128810.84,1,1,1,99981.81,1
1441,495,55,2,94901.08,3,0,0,89769.92,1
1442,753,53,6,11453.31,3,1,1,152649.98,0
1443,840,51,9,143139.35,4,1,1,67607.50,0
1444,422,23,0,170061.09,1,0,0,118527.65,1
1445,802,75,0,75041.28,3,1,1,63462.36,1
1446,498,54,1,160150.02,3,1,0,154612.94,1
1447,535,57,2,5570.79,3,1,0,76346.46,0
1448,656,58,5,113747.00,2,1,1,79201.12,0
1449,379,30,9,134133.12,4,1,0,117966.02,1
1450,815,46,6,97874.37,3,0,0,190243.94,1
1451,778,21,8,110213.55,3,1,1,14817.12,0
1452,568,34,0,95496.34,1,1,0,62738.14,0
1453,745,52,5,181837.22,4,0,0,151997.21,1
1454,729,77,7,101163.76,2,1,1,176388.72,0
1455,725,37,4,4945.25,4,0,1,188637.04,1
1456,611,54,5,117522.18,2,1,1,81621.03,0
1457,431,20,7,75976.36,4,1,1,75387.74,1
1458,649,66,2,183654.15,4,0,0,38087.14,1
1459,683,69,3,5995.84,1,1,0,144571.07,0
1460,531,73,5,156539.50,2,1,1,81309.20,0
1461,710,47,3,33591.20,4,1,1,138853.02,1
1462,668,53,0,58575.14,2,0,0,42190.82,0
1463,584,63,4,134273.45,1,1,0,94332.50,0
1464,425,45,9,184100.99,1,0,1,186027.47,1
1465,680,56,2,31360.46,1,0,1,172262.77,0
1466,452,52,2,84769.27,2,1,0,188329.56,1
1467,561,28,6,95736.85,3,1,1,145352.02,1
1468,744,77,6,179975.33,4,0,1,173446.82,0
1469,584,60,1,144626.79,1,0,0,14614.48,1
1470,770,45,8,83048.68,4,1,1,53183.31,1
1471,464,42,3,81070.81,1,0,0,174588.79,1
1472,720,60,3,70373.40,4,0,0,119785.79,1
1473,741,42,7,45944.90,1,1,0,13151.78,0
1474,408,35,0,109974.83,3,1,1,104637.30,0
1475,686,33,3,146472.26,3,1,0,102919.48,0
1476,608,77,4,25966.54,2,1,0,121773.94,1
1477,627,65,2,193072.21,1,0,0,71730.09,1
1478,749,25,2,168028.01,2,1,1,170488.66,0
1479,725,77,7,81709.57,1,1,0,68761.66,0
1480,765,23,10,130526.37,2,1,1,81243.62,0
1481,484,72,8,3160.96,4,0,1,129311.39,0
1482,396,70,1,181942.95,1,0,0,50477.13,0
1483,621,18,4,183590.18,2,0,1,146697.05,0
1484,794,67,4,129592.09,4,1,1,63077.87,1
1485,714,72,3,192169.57,4,0,0,121341.12,0
1486,388,34,1,3406.55,3,1,0,34692.43,1
1487,464,76,2,10354.15,3,0,1,32504.80,1
1488,626,43,4,182687.74,2,1,0,10117.86,1
1489,698,69,2,106660.84,4,0,1,50477.68,0
1490,712,30,9,148870.44,1,0,1,199820.46,0
1491,728,37,4,184996.95,2,1,1,21256.77,1
1492,716,73,4,45997.61,4,0,1,148439.82,1
1493,846,45,3,19183.89,3,1,1,51368.38,0
1494,583,21,10,73902.99,1,0,1,85700.74,0
1495,568,66,8,44028.10,4,1,1,58489.77,1
1496,692,63,7,54415.65,1,0,0,54364.54,0
1497,748,23,0,198067.70,4,0,1,89488.11,0
1498,745,73,3,120938.91,1,0,1,133570.16,0
1499,532,20,1,73152.44,3,1,0,33359.69,0
1500,814,33,5,183990.63,4,0,1,70740.75,0
1501,508,43,1,86469.26,4,0,0,167737.55,0
1502,671,25,8,57878.20,1,0,1,29624.21,0
1503,479,75,10,14719.63,2,1,1,16302.73,0
1504,447,54,4,56259.60,1,1,0,68016.67,1
1505,526,30,10,29279.89,4,1,0,22107.35,1
1506,601,36,10,17411.86,2,1,0,10554.83,1
1507,665,40,10,128931.03,2,1,1,193082.46,0
1508,796,77,3,98087.00,3,0,0,109140.30,0
1509,664,43,2,192886.90,1,0,0,96851.20,1
1510,528,50,7,141141.63,3,0,1,135008.69,1
1511,466,56,5,125894.29,3,0,0,153137.94,1
1512,697,59,4,194724.04,3,0,0,26788.46,0
1513,777,30,4,123333.96,4,1,0,119638.52,0
1514,775,72,10,32634.03,4,1,0,111902.52,0
1515,680,74,8,176616.21,1,0,1,31420.93,0
1516,722,22,1,95742.01,4,0,0,133282.56,1
1517,629,59,8,166871.84,4,1,1,84949.60,0
1518,778,33,7,165897.87,4,0,0,175384.66,1
1519,644,19,4,156935.06,4,1,1,63865.68,1
1520,619,21,7,47160.46,1,1,0,157363.51,1
1521,479,50,10,5312.32,2,1,0,167683.60,1
1522,375,25,5,29301.26,1,1,0,177936.57,0
1523,593,27,3,10975.19,2,1,0,42818.77,0
1524,490,73,8,43905.67,3,1,1,73974.97,1
1525,422,31,7,172760.09,1,0,0,196773.13,0
1526,588,49,2,90457.61,3,1,0,17694.35,0
1527,418,74,2,94770.23,3,1,0,34581.34,0
1528,380,20,10,172642.15,2,0,0,163159.95,1
1529,634,45,6,99901.54,4,0,1,147061.54,1
1530,493,64,10,111857.49,4,1,1,146335.29,1
1531,409,56,9,37414.14,2,1,1,38663.83,1
1532,532,26,6,110170.31,4,0,0,63905.80,1
1533,540,40,7,74418.08,4,1,0,21035.97,1
1534,489,61,8,148955.73,2,1,0,69260.83,0
1535,467,70,7,131274.03,2,1,0,194817.09,0
1536,777,30,5,152653.46,2,1,1,26437.18,0
1537,840,51,9,113998.16,2,1,0,51817.93,1
1538,805,42,3,76479.36,4,1,0,69206.62,1
1539,763,46,10,22530.64,4,1,1,180514.59,0
1540,607,32,7,149718.32,3,1,1,13028.15,0
1541,559,67,9,139916.89,1,1,1,82944.56,0
1542,809,51,0,84591.74,1,0,0,184478.04,1
1543,402,66,7,35238.53,3,0,0,31456.61,1
1544,520,47,5,164867.23,3,0,1,35503.75,0
1545,783,76,2,85182.98,2,0,1,69983.55,1
1546,392,54,8,21706.60,1,1,0,28106.40,0
1547,632,61,9,64428.95,4,1,0,104164.84,0
1548,622,60,9,74485.83,1,1,0,52633.97,1
1549,766,45,8,123210.39,3,1,1,69535.67,0
1550,755,54,6,16327.71,3,0,1,170563.58,0
1551,767,38,2,36826.64,1,0,0,194475.37,0
1552,503,66,1,27547.83,2,0,1,99241.19,0
1553,723,20,10,124764.27,2,1,1,59101.31,0
1554,466,27,1,13835.98,1,1,0,121319.26,0
1555,577,50,3,30644.12,3,0,1,185208.37,1
1556,539,18,9,83839.50,2,1,0,169892.14,0
1557,672,49,7,176894.71,2,0,0,89255.12,0
1558,486,21,4,3609.40,4,1,0,141841.10,0
1559,449,31,6,8718.74,3,1,0,47353.03,1
1560,762,22,9,55944.48,3,1,0,129559.73,1
1561,451,51,1,44950.00,3,0,1,167851.91,1
1562,593,56,8,173344.07,1,1,0,16218.64,1
1563,621,25,0,143834.56,3,0,1,178993.63,1
1564,582,68,9,118683.17,2,1,1,121371.80,0
1565,356,54,10,25074.72,3,1,1,103123.74,0
1566,833,40,10,134652.81,2,0,1,95073.35,1
1567,588,47,0,148000.91,3,1,0,147352.45,1
1568,521,54,0,51329.95,1,0,0,35789.38,1
1569,376,53,8,17088.09,1,0,0,22477.96,0
1570,355,73,6,48964.61,2,0,0,126876.63,0
1571,815,29,1,47579.70,3,1,1,12458.51,0
1572,383,22,1,123920.38,3,0,1,85813.84,1
1573,672,73,7,122604.61,1,0,1,12849.57,0
1574,445,30,5,161967.03,3,0,1,153326.36,1
1575,374,57,1,150030.96,2,0,1,94573.08,0
1576,611,23,10,56481.34,3,1,0,195116.46,0
1577,352,69,3,190432.66,4,0,0,81245.47,1
1578,504,47,5,1458.92,3,1,0,176507.23,1
1579,636,74,10,32428.97,4,1,1,151247.14,0
1580,759,45,9,177454.98,4,1,1,76775.73,0
1581,530,51,7,147448.95,3,0,0,40610.01,0
1582,691,37,5,151060.83,1,0,1,78782.16,1
1583,619,73,10,37262.91,4,0,0,195070.82,1
1584,502,77,0,19396.17,2,1,1,161999.17,0
1585,527,61,5,110127.78,1,1,0,93609.58,1
1586,673,69,3,22314.37,3,0,0,199757.88,1
1587,442,18,5,115942.35,2,1,0,68294.41,0
1588,351,69,3,165702.76,2,0,0,16427.85,1
1589,555,50,5,167267.87,3,1,1,42432.79,0
1590,543,65,8,130369.79,4,0,1,167275.11,1
1591,601,49,1,7027.32,4,1,0,59445.33,1
1592,659,21,4,183098.72,2,1,1,188893.95,0
1593,725,42,8,149825.70,2,1,1,128785.66,0
1594,833,37,8,160393.81,3,0,0,88702.06,1
1595,688,43,1,60829.25,1,1,0,131168.01,1
1596,793,51,1,172648.78,1,0,0,74138.34,0
1597,636,73,9,113606.31,1,1,1,35376.68,1
1598,692,76,8,18541.10,1,0,1,127812.04,0
1599,632,76,1,188134.01,1,0,1,113793.24,1
1600,563,59,1,164864.93,3,0,0,179274.30,0
1601,845,51,8,79822.06,3,1,0,36401.08,0
1602,628,30,3,12478.60,2,0,1,128528.83,0
1603,574,45,10,49531.91,2,1,1,114570.67,1
1604,788,34,7,155245.66,3,0,0,26040.71,0
1605,714,21,0,50950.97,1,0,1,100221.59,0
1606,758,38,2,36035.76,1,0,0,142503.74,0
1607,741,65,6,134440.14,3,1,1,44084.95,0
1608,657,77,0,92309.82,1,1,0,165452.96,0
1609,602,75,2,76152.77,1,1,1,18289.82,1
1610,810,28,1,16738.50,1,1,1,19747.68,1
1611,383,66,8,135631.47,4,1,0,52453.75,1
1612,553,53,7,158042.82,4,1,0,10293.66,0
1613,522,72,5,176203.73,4,1,0,74768.65,0
1614,656,58,6,154171.26,1,1,0,32897.07,0
1615,612,23,9,39269.64,2,1,1,196380.59,0
1616,702,50,6,40677.75,2,0,0,23511.29,1
1617,812,62,10,74268.74,1,0,1,113593.49,0
1618,661,63,10,78142.70,1,1,0,89796.35,1
1619,749,51,4,69219.87,3,1,0,191150.91,0
1620,522,42,10,147577.38,3,0,1,77517.69,1
1621,568,23,1,66587.61,2,1,1,92928.63,1
1622,525,51,8,4872.93,4,0,0,21263.50,1
1623,452,41,3,123079.52,4,0,1,25295.08,0
1624,494,49,8,48708.90,4,1,1,151245.35,1
1625,401,48,2,150068.28,4,1,0,81568.64,0
1626,555,61,4,183841.76,2,1,0,108948.41,0
1627,819,65,1,92993.74,4,1,1,37953.11,0
1628,826,73,8,40829.94,3,0,1,89769.18,0
1629,645,68,5,158950.55,3,0,1,125280.42,0
1630,539,28,8,31779.13,3,0,0,24659.24,1
1631,568,40,6,165021.16,2,0,0,85112.84,0
1632,463,35,8,191186.53,2,1,0,197346.54,1
1633,709,65,8,107054.70,2,0,0,168855.88,1
1634,401,62,4,172336.72,1,1,0,174555.43,1
1635,588,74,2,105404.40,4,1,0,152227.77,1
1636,476,51,0,130329.81,1,0,0,130984.23,0
1637,596,55,6,52565.14,2,0,1,90906.05,1
1638,550,29,8,51685.99,4,0,1,174612.62,1
1639,824,55,2,66230.92,4,1,1,29710.53,1
1640,499,61,8,120212.51,3,1,1,99078.28,0
1641,543,69,1,9696.09,4,0,0,120675.37,1
1642,431,22,9,27710.40,1,1,1,78181.20,1
1643,352,52,9,117088.40,2,1,1,140754.53,0
1644,634,70,6,105485.51,4,0,1,93078.38,1
1645,512,44,2,188590.92,4,1,1,105637.97,1
1646,607,63,2,13963.86,3,0,1,186097.22,1
1647,628,65,2,176282.50,3,1,0,58084.72,1
1648,631,31,4,79310.90,3,1,1,10944.49,0
1649,392,28,6,83181.85,2,0,1,129028.28,0
1650,555,35,2,17775.34,4,0,1,117363.21,1
1651,658,47,6,123669.65,1,0,1,57619.92,1
1652,353,64,9,12070.14,3,0,1,162701.98,0
1653,429,45,8,108322.02,2,0,0,113455.66,1
1654,476,49,9,176113.44,3,1,1,63862.18,1
1655,730,32,10,166341.93,2,1,1,194162.10,1
1656,608,73,1,135483.75,1,1,0,138902.66,1
1657,479,37,9,38861.78,2,1,1,60451.20,1
1658,816,43,3,82134.48,1,1,1,93581.53,0
1659,733,29,6,111263.05,4,1,1,48828.75,1
1660,715,56,0,47555.82,1,1,0,85426.22,0
1661,415,45,9,28658.65,1,1,1,189451.03,1
1662,661,44,3,83119.92,1,1,0,75621.57,1
1663,584,68,8,95761.53,4,1,1,133424.14,0
1664,662,28,0,121061.77,4,1,1,33648.05,1
1665,607,56,7,76308.60,4,0,1,139323.43,1
1666,657,46,6,69523.27,1,0,0,46284.49,0
1667,404,50,3,25472.23,3,1,0,94192.18,0
1668,814,35,7,97427.52,2,1,1,103963.96,1
1669,734,35,1,193898.64,2,1,1,130384.60,1
1670,468,60,8,176066.51,1,0,0,185683.17,1
1671,775,58,9,39370.96,2,1,1,199406.91,1
1672,533,66,10,94201.71,2,1,1,43582.87,0
1673,825,33,5,115041.52,2,1,0,29622.40,0
1674,396,19,9,18604.57,4,1,1,197326.50,0
1675,652,59,7,24007.25,3,0,0,17729.84,0
1676,470,65,2,156579.97,1,1,0,55099.23,1
1677,722,20,0,173104.79,2,0,0,140118.74,1
1678,743,19,8,172849.93,4,0,1,10727.18,0
1679,727,60,3,79743.15,1,0,1,37403.83,0
1680,572,60,1,153592.00,2,0,0,43465.00,1
1681,818,54,2,46232.00,3,1,0,39743.28,0
1682,517,29,10,53164.90,2,0,0,34801.03,0
1683,781,27,2,140700.48,4,1,1,40632.09,1
1684,475,42,3,67143.66,3,1,0,95907.22,0
1685,691,41,9,59344.48,4,0,0,38587.05,1
1686,611,31,6,35845.63,1,0,0,28831.11,1
1687,701,25,5,7002.17,3,1,1,46584.95,1
1688,453,39,2,189742.07,1,1,0,64729.76,1
1689,811,74,10,188862.18,4,0,1,150010.60,1
1690,399,72,2,118815.48,1,0,1,187891.34,0
1691,440,36,0,32656.08,4,0,0,193076.54,0
1692,717,59,3,58288.53,3,0,0,132273.80,1
1693,716,45,1,50214.17,4,1,0,156508.79,1
1694,562,35,1,178874.84,1,0,0,199449.14,1
1695,416,29,6,45871.38,2,1,1,171265.55,0
1696,591,41,6,108901.74,1,1,1,63713.66,1
1697,676,51,9,123568.12,3,1,1,10350.91,1
1698,392,52,6,47389.08,2,0,1,50663.42,0
1699,643,65,2,138621.72,4,0,1,16682.75,0
1700,619,60,10,97652.99,3,1,1,168748.07,1
1701,706,56,0,51896.73,1,0,1,169935.10,1
1702,357,75,7,136608.28,2,0,0,187174.61,1
1703,795,56,5,137538.31,4,0,1,188278.21,1
1704,812,40,1,106641.36,2,1,1,66672.53,0
1705,581,72,1,177996.83,1,1,1,21803.68,0
1706,370,46,2,138867.37,4,1,0,62053.67,0
1707,565,18,8,126502.47,4,1,1,171435.57,0
1708,530,57,2,6430.29,3,1,1,28306.56,1
1709,595,52,4,94214.21,1,1,0,39613.15,0
1710,658,67,3,4660.44,1,1,0,55113.34,0
1711,736,40,6,129154.89,3,1,1,54681.05,1
1712,546,48,3,49397.94,1,0,0,70714.41,0
1713,783,68,6,95248.80,3,0,1,195107.18,1
1714,412,29,6,75742.34,1,0,1,74169.45,1
1715,487,65,1,88406.07,3,0,1,40994.68,1
1716,418,72,1,1625.93,3,1,1,167470.98,0
1717,483,35,6,47702.65,2,1,1,86309.73,0
1718,772,77,4,42646.69,3,0,0,186982.40,1
1719,760,38,2,24758.25,4,0,1,139107.40,0
1720,433,24,0,180352.92,2,0,1,159240.18,1
1721,624,66,4,92006.21,1,0,1,69198.54,1
1722,571,29,6,94303.32,3,0,1,13176.38,1
1723,762,66,5,59078.87,4,0,0,110404.29,1
1724,668,32,3,180738.88,3,1,0,158312.40,1
1725,522,24,5,73962.72,1,1,0,68593.75,1
1726,365,64,9,152248.02,2,0,0,11528.51,1
1727,565,46,1,12229.70,1,1,0,165009.55,0
1728,724,19,9,64925.31,4,1,1,194394.23,1
1729,832,23,6,128013.60,2,0,0,191860.64,0
1730,588,52,5,113559.61,2,1,1,180780.62,1
1731,781,52,3,164078.04,1,0,0,109777.45,1
1732,702,51,7,138324.95,2,0,0,25322.55,1
1733,570,53,7,84383.51,1,1,1,60488.90,1
1734,780,24,10,103975.45,3,1,0,19991.79,0
1735,386,55,10,149889.10,4,1,1,30791.22,1
1736,818,61,9,191604.17,2,1,0,141997.40,0
1737,532,39,7,75968.01,4,0,1,124358.39,0
1738,563,65,7,4943.73,1,0,0,71396.55,0
1739,369,53,9,80479.35,3,0,0,139963.72,0
1740,354,18,0,18209.83,2,1,0,54153.45,0
1741,703,35,3,159223.75,4,1,1,110335.00,1
1742,571,65,7,168893.29,2,1,1,91091.98,0
1743,371,43,10,135954.09,2,0,0,144823.32,1
1744,658,32,3,188556.84,3,1,1,104754.69,0
1745,538,39,7,72594.03,3,1,1,74526.94,0
1746,827,29,0,173254.05,1,1,1,77481.59,0
1747,372,51,7,119539.72,1,0,1,14606.97,0
1748,563,32,9,160953.60,2,0,1,149158.36,0
1749,603,24,0,165173.01,1,1,0,175611.13,0
1750,479,64,0,14164.73,1,0,1,35621.39,1
1751,790,43,5,57655.72,4,1,0,135609.48,0
1752,464,67,4,116126.95,3,1,0,69428.40,1
1753,351,57,2,60919.27,4,1,0,127387.09,0
1754,607,63,2,187485.52,4,1,0,77102.26,1
1755,754,37,2,9448.69,3,1,1,147456.96,1
1756,424,27,3,27329.30,3,0,1,180323.97,1
1757,388,25,4,133847.16,1,1,0,108724.70,0
1758,789,49,0,97770.18,2,1,0,84225.65,1
1759,742,51,4,69316.09,3,1,1,156910.45,0
1760,378,45,1,61537.28,1,1,0,52209.06,1
1761,383,47,3,178600.88,3,1,1,127149.53,0
1762,421,24,1,82904.46,3,1,0,31300.26,1
1763,662,39,9,65934.01,1,0,0,27996.45,0
1764,761,21,8,154567.21,3,0,1,75818.42,1
1765,622,76,2,37611.06,2,1,0,58102.32,0
1766,478,58,6,199765.08,1,1,1,34567.12,1
1767,523,47,4,146616.38,2,0,0,186333.66,1
1768,647,38,10,141005.35,3,0,0,177909.43,0
1769,507,41,0,178866.12,2,0,0,184449.49,0
1770,448,66,5,197032.05,2,0,0,65172.61,1
1771,413,56,8,20955.63,1,0,1,193523.03,1
1772,363,28,9,112170.68,2,0,0,122405.61,1
1773,818,21,5,55897.37,4,1,0,184879.70,0
1774,674,66,0,183619.09,2,0,1,170553.50,1
1775,404,75,5,99105.03,1,1,1,33389.85,1
1776,565,46,0,1550.11,4,1,1,64727.42,1
1777,712,22,1,128496.32,3,1,1,93338.16,1
1778,359,23,4,150853.69,3,0,1,142106.06,1
1779,709,60,4,165020.27,4,0,1,44505.65,0
1780,747,64,5,197567.09,3,1,1,73189.32,1
1781,667,41,0,23291.28,2,1,0,182064.04,1
1782,385,46,2,100002.89,4,0,0,190823.50,0
1783,573,69,10,19889.99,3,0,1,164427.34,0
1784,693,27,7,32255.29,3,1,0,180492.57,0
1785,449,69,7,2161.37,4,0,0,21307.40,1
1786,483,58,5,136873.07,4,1,1,146707.55,1
1787,714,60,3,134231.47,2,0,0,18049.24,0
1788,574,72,1,25216.52,1,0,1,180749.39,1
1789,695,43,0,182069.02,2,1,0,82839.01,0
1790,723,53,8,195795.52,3,0,0,18639.59,1
1791,368,58,3,90174.27,2,0,0,16577.94,1
1792,762,27,3,54999.55,2,1,1,102036.84,0
1793,645,37,9,77917.05,2,0,0,144122.94,1
1794,611,67,6,74281.27,1,1,1,52489.08,0
1795,735,77,6,28407.40,4,1,1,81083.98,0
1796,697,76,9,32000.83,2,0,0,134425.15,0
1797,601,32,7,119616.30,1,0,0,118221.75,0
1798,588,34,10,161773.63,2,1,1,94189.87,1
1799,361,24,5,1959.27,3,0,0,17172.26,1
1800,731,47,1,61180.02,1,0,1,34900.20,0
1801,727,59,1,160748.85,2,0,1,62675.87,1
1802,625,61,10,152995.95,4,1,0,118998.17,1
1803,428,69,8,93912.11,4,0,0,18793.64,0
1804,777,58,9,31566.84,2,1,1,15054.22,1
1805,707,71,3,1597.15,1,0,0,98992.43,0
1806,434,72,0,65890.30,3,0,1,103141.24,0
1807,425,40,5,29425.40,2,0,1,84527.57,1
1808,485,59,6,11978.87,2,1,0,102188.85,0
1809,690,37,6,179660.58,4,0,0,181657.93,0
1810,725,46,1,40061.10,3,1,1,55802.74,1
1811,761,41,5,29741.96,2,0,1,79205.99,1
1812,722,43,9,34353.18,1,0,1,149405.38,1
1813,359,51,8,13621.78,1,0,1,10244.35,0
1814,769,59,10,111449.25,1,0,1,102252.23,1
1815,686,47,4,112298.04,3,0,1,181721.20,0
1816,525,24,5,52602.96,4,1,1,12848.96,0
1817,638,72,9,90334.76,3,0,1,131353.42,1
1818,829,22,5,45014.06,3,1,0,125564.31,1
1819,372,72,4,49679.52,1,1,1,105127.16,1
1820,563,40,6,182470.05,3,1,0,101996.23,0
1821,758,73,1,21448.56,1,1,1,87367.41,1
1822,551,44,10,119169.49,1,0,1,174565.69,1
1823,366,41,9,190582.46,2,1,0,167619.24,0
1824,792,30,3,36532.10,4,1,1,122126.43,1
1825,558,52,6,77234.12,1,0,1,126171.90,0
1826,427,28,4,132335.53,4,1,1,186664.35,0
1827,447,64,3,60128.88,3,1,1,196020.98,1
1828,646,44,5,195223.91,2,1,0,164356.29,1
1829,794,69,6,77270.96,1,1,1,91285.89,0
1830,357,59,4,28318.76,2,0,1,70885.92,1
1831,595,65,4,175721.23,1,1,0,54231.95,0
1832,686,26,7,199121.71,4,1,0,102034.25,1
1833,504,59,5,90489.48,4,0,1,19607.31,1
1834,406,54,7,131287.52,1,0,0,60731.28,1
1835,845,22,4,165952.16,4,0,1,197954.61,0
1836,402,46,1,7392.44,4,0,0,104228.12,0
1837,444,50,1,191353.14,2,0,0,51614.74,1
1838,813,46,6,138779.57,3,1,1,191848.72,0
1839,605,61,0,45928.88,4,1,1,83819.47,0
1840,643,47,7,171455.69,2,1,1,171440.26,0
1841,761,71,0,65775.30,3,0,0,155621.61,1
1842,748,25,2,169838.66,3,1,0,31356.67,0
1843,475,36,8,186798.00,2,0,1,127609.99,0
1844,724,64,7,194438.87,4,0,1,94023.79,1
1845,610,72,10,196925.28,1,1,1,119930.73,1
1846,637,35,7,128624.11,1,1,1,156694.17,0
1847,709,52,8,182211.46,2,0,0,182514.55,0
1848,476,58,7,30768.24,4,1,0,188359.73,0
1849,638,21,5,94179.36,4,0,0,188318.62,0
1850,592,20,8,142453.11,2,0,1,17059.57,1
1851,623,26,0,167999.77,1,1,0,21215.20,1
1852,685,44,2,140361.78,4,0,0,46316.51,1
1853,624,34,7,150919.15,3,1,1,17618.47,1
1854,744,29,6,111309.42,4,1,0,155219.09,0
1855,612,25,0,300.26,4,1,1,63131.25,0
1856,647,48,8,84659.62,3,0,1,153774.17,0
1857,746,61,2,25900.69,4,1,1,198420.64,0
1858,707,27,7,162592.08,1,1,1,136739.28,0
1859,690,77,10,148818.63,4,0,0,40895.13,0
1860,717,38,5,97414.45,4,0,0,20543.60,1
1861,562,40,6,158291.87,1,1,1,25938.10,1
1862,518,74,7,102922.71,3,0,0,40859.46,1
1863,783,37,0,30272.64,3,1,1,117593.54,1
1864,483,75,10,1253.06,1,1,0,181798.55,1
1865,580,42,6,191807.50,4,1,0,110012.76,1
1866,708,18,9,65475.23,1,0,1,144510.43,1
1867,710,59,3,92943.78,2,1,1,186234.22,0
1868,530,49,5,196212.08,2,1,1,158238.10,1
1869,354,20,1,122622.17,3,0,1,17383.65,1
1870,666,72,7,119674.98,4,0,1,106459.82,0
1871,487,71,7,127753.19,1,0,1,40174.74,1
1872,643,47,8,33806.21,3,1,1,36916.50,1
1873,459,72,9,152778.92,1,0,0,194542.97,0
1874,692,45,3,193804.36,1,0,0,99985.56,0
1875,355,29,10,37870.86,1,1,1,151394.52,0
1876,760,46,10,30779.33,1,1,0,144163.96,0
1877,694,75,8,159320.03,4,0,0,39361.16,0
1878,609,42,5,35381.47,2,1,0,115033.31,0
1879,488,31,3,149652.29,4,0,0,67698.36,0
1880,778,31,6,16821.61,4,1,1,49071.74,0
1881,707,64,7,58223.05,2,1,0,64300.56,0
1882,482,20,4,17808.96,1,0,1,43030.23,1
1883,823,21,4,185074.23,2,0,0,14375.88,1
1884,511,52,10,194644.04,1,0,0,171497.65,1
1885,833,25,7,41168.84,4,1,0,92981.49,0
1886,377,21,1,94345.50,4,0,0,175740.00,1
1887,714,56,10,12741.51,2,0,0,133929.55,1
1888,361,25,6,89080.29,3,0,0,29288.91,0
1889,367,64,8,82300.88,4,1,1,57747.76,0
1890,721,67,9,173900.09,4,0,0,196203.57,0
1891,495,25,7,45979.09,4,0,1,143787.01,1
1892,672,39,9,79483.49,2,0,0,59332.97,0
1893,671,75,9,92757.27,3,0,1,58162.79,1
1894,446,77,4,184871.74,2,1,1,164628.05,1
1895,707,23,2,21121.97,3,0,0,177159.47,0
1896,563,23,2,152889.97,1,1,1,32106.71,1
1897,614,36,10,199300.03,1,0,0,197835.78,1
1898,778,53,4,22971.10,2,1,0,137930.17,0
1899,789,69,7,130510.24,2,1,0,59278.79,1
1900,703,68,1,197378.56,3,0,1,169766.66,1
1901,693,48,5,177384.33,4,0,0,51850.88,1
1902,710,76,7,126407.46,1,0,0,163554.38,1
1903,462,74,0,48535.19,1,0,0,30335.22,1
1904,587,59,0,36382.63,3,0,1,30248.70,0
1905,475,36,9,30429.49,2,0,0,149258.93,1
1906,551,45,0,714.16,4,1,0,21933.91,0
1907,661,55,2,80104.73,1,1,0,57315.83,1
1908,750,46,10,89797.91,2,0,0,148045.27,1
1909,623,47,9,142450.44,1,0,0,189100.12,0
1910,484,35,6,57882.25,3,1,1,142177.97,1
1911,361,56,1,184630.81,1,1,0,21666.57,1
1912,766,39,3,71376.27,4,1,0,109143.44,0
1913,764,60,0,45129.92,4,1,1,122653.93,0
1914,545,69,1,180537.46,1,0,1,175717.13,0
1915,505,41,0,8221.26,1,0,1,178036.02,1
1916,744,70,0,93466.69,2,1,0,112935.88,0
1917,556,68,10,66964.59,4,1,1,166309.84,0
1918,651,40,0,35359.49,3,1,1,64084.62,1
1919,583,62,3,70197.20,4,1,0,82963.53,1
1920,606,75,3,109255.80,4,1,1,48337.35,0
1921,659,63,10,102030.50,3,1,0,187668.16,0
1922,556,61,4,177201.20,1,0,1,195669.94,1
1923,460,30,4,86838.08,4,0,1,170364.47,1
1924,505,57,3,138683.36,2,0,0,80108.66,1
1925,526,59,4,182785.06,2,0,1,88794.45,0
1926,664,19,2,4355.73,2,0,1,34143.57,0
1927,533,65,9,150890.39,2,0,0,97917.21,1
1928,501,60,6,181439.69,3,1,0,40997.47,1
1929,795,43,5,17414.45,1,1,1,27124.37,1
1930,683,76,9,77709.67,2,1,0,102539.34,0
1931,638,33,6,27370.33,4,0,0,32249.07,1
1932,432,36,0,91417.50,1,1,0,13323.41,1
1933,695,30,10,49643.63,2,1,0,103321.30,1
1934,791,66,4,82167.90,4,1,0,73933.66,1
1935,433,73,1,182384.03,1,1,0,73521.70,0
1936,634,72,8,65967.36,1,0,0,135992.24,0
1937,526,75,8,157532.38,3,0,0,91237.19,1
1938,368,29,9,138133.50,4,0,0,32953.35,1
1939,760,53,5,138438.17,4,1,0,136581.17,1
1940,414,63,4,185239.69,2,1,1,15097.97,0
1941,440,26,1,94530.23,4,1,1,142453.85,1
1942,405,55,9,49942.06,4,0,1,157606.11,1
1943,487,54,2,73236.58,1,0,1,196702.21,0
1944,724,61,4,149907.35,3,1,1,124388.15,1
1945,408,31,8,51842.96,4,1,1,80291.35,0
1946,408,44,9,28034.55,1,1,0,86029.50,1
1947,389,67,9,2927.51,2,1,0,141789.57,0
1948,691,39,8,115934.48,3,1,1,58833.02,0
1949,626,40,2,179382.32,4,1,1,196831.21,0
1950,599,19,6,14496.56,2,0,0,46019.55,1
1951,477,41,1,123149.25,3,0,0,18336.66,0
1952,680,67,1,75346.51,2,1,0,80269.65,0
1953,841,69,3,25375.67,3,1,1,15269.92,0
1954,494,55,2,64127.60,4,1,1,153119.08,0
1955,723,25,4,119837.88,4,0,1,53196.34,1
1956,415,40,4,25626.02,2,0,1,43102.43,1
1957,453,66,4,99659.04,2,0,0,101531.08,1
1958,750,21,9,42478.49,2,1,0,60949.43,0
1959,486,61,8,142263.81,1,0,1,110270.74,0
1960,643,67,4,99228.54,2,1,1,90502.22,1
1961,638,28,1,35782.00,2,1,1,54708.90,1
1962,832,19,2,5830.09,2,0,0,72220.54,1
1963,400,21,10,131473.86,2,0,1,73332.11,0
1964,457,74,0,116729.79,3,1,1,144827.45,1
1965,495,65,1,44252.07,3,0,1,68300.18,1
1966,694,58,3,118115.43,4,0,1,180486.29,1
1967,350,41,10,103350.78,4,0,0,129350.41,0
1968,830,35,6,23721.78,4,1,1,197960.35,0
1969,629,70,7,184212.25,2,1,1,47224.99,0
1970,491,71,6,62036.16,4,1,0,67313.39,1
1971,667,44,3,71749.92,4,1,1,107217.36,1
1972,719,25,4,164712.14,4,0,1,54710.54,0
1973,537,55,0,30200.34,3,0,1,25801.95,1
1974,588,62,3,48721.03,2,1,1,86636.63,0
1975,514,37,6,24836.16,4,0,0,174238.73,0
1976,434,41,4,2313.14,4,1,0,126871.08,0
1977,444,73,0,92822.28,1,1,0,131884.15,0
1978,618,42,4,193632.85,3,1,1,123126.36,0
1979,354,51,8,62332.46,1,1,1,15144.15,0
1980,357,19,0,31461.70,3,1,0,85528.86,0
1981,381,75,6,32131.97,4,0,0,119504.46,0
1982,425,55,7,96256.91,2,1,0,130407.99,1
1983,510,22,4,142631.34,2,1,0,52403.95,1
1984,791,59,8,172265.23,4,0,0,137294.44,0
1985,404,70,0,109569.24,3,1,1,160539.29,0
1986,837,21,4,150121.90,3,1,1,117048.38,1
1987,547,25,4,174476.85,1,0,0,54193.38,1
1988,645,40,1,91033.09,4,0,0,135166.22,1
1989,482,64,0,23733.97,2,0,0,11642.68,1
1990,729,73,3,197406.62,4,0,0,15287.22,1
1991,740,53,6,42448.13,2,1,1,45779.13,0
1992,799,55,4,27468.36,2,0,1,82460.24,1
1993,826,36,7,99639.66,2,1,0,104989.84,0
1994,524,32,1,186724.46,2,1,0,102066.10,1
1995,637,21,6,143220.56,4,0,1,113537.65,1
1996,792,72,9,160821.58,2,0,0,198109.58,1
1997,464,31,5,117303.59,3,0,1,74118.06,1
1998,673,56,2,60327.17,4,0,1,84243.31,1
1999,537,26,6,109898.61,4,0,1,165930.67,1
2000,491,64,10,126721.79,1,0,0,173615.06,0
2001,423,35,0,67428.06,3,1,1,162773.23,0
2002,711,49,5,168992.92,4,0,0,132251.06,1
2003,719,71,2,116723.37,1,0,1,111776.12,0
2004,752,52,5,115025.86,2,1,0,49385.14,0
2005,412,28,5,8161.03,3,0,1,179483.80,1
2006,552,52,7,113098.98,4,1,0,173289.80,0
2007,421,58,10,167507.16,2,1,0,85181.02,1
2008,572,56,9,95434.23,3,0,0,17789.52,1
2009,475,31,4,71357.53,3,1,1,144878.65,0
2010,533,74,6,28409.13,4,0,0,99146.61,0
2011,682,35,4,56433.11,1,1,1,122882.87,0
2012,409,21,10,93433.88,3,0,0,128780.27,1
2013,671,24,6,126807.28,2,0,0,100543.92,0
2014,360,31,1,159479.47,3,0,0,13163.15,0
2015,725,58,1,116214.11,3,1,0,34740.47,0
2016,738,65,6,124963.84,2,1,1,122624.64,1
2017,377,40,7,82220.41,4,0,0,145222.36,0
2018,618,59,8,1567.67,3,1,0,121708.61,1
2019,516,66,0,145376.29,3,1,0,39985.61,0
2020,815,66,2,169084.14,2,1,1,55434.61,1
2021,605,54,5,173590.98,3,1,1,89986.92,0
2022,531,44,1,31536.35,3,0,1,191880.80,0
2023,618,68,6,69032.27,1,0,0,120646.71,0
